,availability
1023,1
2025,1
930,1
1030,1
4478,1
4739,1
3540,1
4535,0
3057,1
5587,1
1574,0
5627,0
457,1
2680,1
48,1
3251,1
1038,0
5456,1
5425,1
4852,1
2430,0
3021,0
5366,1
1831,1
5599,1
768,1
5090,1
4976,1
3854,1
845,0
5186,1
817,1
1661,0
1447,1
1158,1
580,1
673,1
24,0
3423,1
5049,1
969,1
4209,1
2685,0
4911,1
5042,1
328,1
3202,1
4216,1
4931,1
1521,0
3223,1
806,0
3492,1
2437,1
1309,0
4106,1
1732,1
3683,1
137,1
5307,0
6032,1
5489,1
1591,1
965,0
3345,1
1945,1
834,0
1913,0
1497,0
5312,1
5434,1
773,1
2652,1
2394,1
652,1
2627,0
5130,1
899,1
297,1
2578,0
2846,1
4542,1
2360,1
5377,1
2206,1
5085,1
2894,1
1080,0
5678,1
454,1
807,1
1160,0
2599,1
455,0
5218,1
1644,1
4625,1
906,1
4,1
1004,1
5695,0
3959,0
4236,0
1932,1
5841,1
3189,1
5900,1
2322,0
2192,1
1465,0
1205,1
4653,1
5522,1
2672,1
2746,1
1323,0
2791,1
436,1
4771,1
1077,1
5512,1
5726,1
5745,1
6055,0
5593,1
5771,0
645,1
3353,1
1960,1
3183,1
3052,1
1740,0
61,1
3045,1
1395,1
150,1
2841,1
3103,0
2790,1
2781,1
529,1
3487,1
2814,1
5309,0
1821,1
1917,1
1609,0
1042,1
4934,1
135,1
1578,1
2946,0
4663,1
6060,1
4818,1
4210,0
663,1
1485,0
2363,1
5536,1
5096,1
4276,1
4933,1
3231,0
5685,1
4076,0
4814,1
2554,1
3643,1
4034,1
3404,1
4258,1
29,1
3763,0
465,1
4464,1
2096,1
2243,1
1020,1
2807,0
2309,1
6022,1
988,0
2980,1
4717,1
2691,0
241,0
1162,1
2461,1
4891,1
3662,1
3926,1
3983,1
1122,0
3306,1
6103,1
4064,1
3002,1
5541,1
2149,1
925,1
2567,1
4913,1
4482,1
2913,1
5739,1
3861,1
1946,1
1134,1
3517,1
1756,1
4378,1
5391,1
3177,0
5154,0
4555,1
2783,1
2585,0
2766,1
3980,1
2082,0
2993,1
282,1
2970,1
2398,1
5481,0
734,0
4093,1
6071,1
4970,1
3473,1
3766,1
621,0
1830,1
3090,1
5821,1
3098,0
729,1
5106,1
2509,1
695,1
3714,1
4977,1
2062,0
4868,1
1047,1
864,1
2335,0
3515,1
5696,0
1724,1
4860,1
386,1
1539,1
1117,1
5764,1
740,0
5142,1
5289,1
28,1
4323,1
2539,1
5031,1
3754,1
828,0
900,1
5279,1
2376,0
603,1
2147,1
2820,0
245,1
2520,1
4743,1
3232,1
1377,1
4585,0
4204,1
1495,1
4468,1
5901,1
934,1
1947,1
2310,0
824,1
4396,0
1442,0
42,1
2597,1
5369,1
4505,1
3479,1
3366,1
1114,1
2442,1
5932,1
4884,1
33,1
3753,0
5884,0
1318,1
3474,1
5018,1
3495,0
4406,1
1188,1
1408,1
2460,1
5643,1
1686,1
5576,1
1976,1
4940,1
1223,0
994,1
5245,1
2565,0
5355,1
5824,1
2867,0
575,1
1346,0
2596,1
1013,0
5954,1
139,1
4146,0
4045,1
3230,1
3921,1
2719,1
2441,0
4595,1
858,1
3836,0
70,1
1967,0
1648,1
5788,1
1978,1
3442,1
5734,1
5819,1
1915,1
5986,1
148,1
2455,1
164,1
5385,1
846,1
1203,1
3502,0
3318,0
1109,1
2057,1
5560,1
6084,1
5668,1
855,1
1288,1
5276,1
4333,1
4457,1
2281,1
4271,1
847,1
3541,1
4948,1
3649,1
4101,1
1370,1
2139,0
118,0
4031,1
4803,0
5580,1
210,1
3222,1
1238,1
4848,1
5837,1
3322,1
5348,0
2623,1
4363,1
2853,1
4655,1
2547,1
5408,1
305,0
6016,1
4903,0
1520,1
5350,1
3436,1
1371,1
4939,1
4608,1
4038,1
3498,1
5615,1
5859,1
4785,0
5766,1
6069,1
1561,1
4774,1
3375,1
4526,1
3160,1
1027,0
5950,1
927,0
3293,1
5108,1
3582,1
5134,1
3254,0
4256,1
3463,1
4369,1
2426,0
2093,1
5116,1
4325,1
3760,1
4438,1
239,1
3697,1
1264,0
1635,1
5514,1
4954,1
5371,1
3837,1
2698,1
584,0
6064,1
2829,1
677,0
6018,1
1195,1
622,1
4758,1
2731,0
4983,0
5553,1
4123,0
3139,0
751,0
1310,0
3922,1
4895,0
4027,1
4364,0
3790,0
5635,1
3444,0
3126,0
3327,1
5066,0
1747,0
4278,1
5124,1
1235,0
4223,1
815,1
4877,1
1819,0
2923,1
2706,1
1424,1
6017,1
1879,1
4738,1
1043,0
3025,1
4715,0
1147,1
1950,1
1601,1
5600,1
3912,1
2918,1
4816,1
315,1
4070,1
1379,0
522,0
4181,1
276,1
2564,0
248,1
4639,1
2515,0
5862,0
4452,1
1272,0
3458,1
5342,0
1251,1
3798,1
794,1
4811,1
217,1
3899,1
5547,1
6112,1
1713,1
2466,1
1375,0
2239,0
4065,1
1125,1
5223,1
2079,1
3356,1
4878,1
5762,0
518,1
2181,1
4110,1
2145,0
5340,1
1505,1
2104,1
2000,1
1989,1
4581,0
4832,0
3868,0
877,1
1542,1
5822,1
2562,1
5419,1
5967,1
5153,0
5868,1
626,1
1903,1
5898,1
4943,1
3475,0
5007,1
66,1
3176,1
1486,1
2107,0
4086,1
4312,1
4967,1
2851,1
2805,1
3919,1
4440,1
5209,1
3363,1
5538,1
5183,1
2798,1
5661,1
4111,1
1279,0
271,1
3703,1
1381,1
103,0
4929,1
171,1
2879,1
2371,1
1677,1
3354,1
2821,1
3347,1
4835,0
3427,1
1233,1
2974,0
618,1
6066,1
3924,1
2732,0
4638,1
6030,1
2352,1
5780,1
5989,0
666,0
2323,0
4149,0
3985,1
3170,1
5302,1
4899,0
1174,1
2202,1
3699,0
4659,1
4253,1
5524,1
5353,1
5283,1
4573,1
5029,1
1052,1
3867,1
5175,1
1213,1
2609,1
4001,1
3749,1
5728,1
3401,1
1488,1
2051,0
1734,1
1745,0
3533,0
5877,0
322,0
3834,1
5805,0
2102,1
3236,1
2385,1
2817,1
5703,1
1216,1
4554,1
3182,0
3022,1
4405,1
4901,1
5843,1
4636,0
5075,1
3451,1
4882,0
3620,0
680,1
5886,0
892,1
5179,0
2400,1
1517,0
1605,0
5588,1
3420,1
229,1
4371,1
3913,1
1373,1
374,1
5231,1
3590,1
3553,1
2128,0
759,0
3808,0
5002,1
5953,1
635,1
6020,1
4870,1
1739,1
1663,1
1462,1
2266,1
492,0
4005,1
4395,1
1011,1
2931,1
562,1
4217,1
4283,1
962,1
2013,1
1544,0
3509,1
989,1
2094,1
2182,1
4219,0
2282,1
1815,0
321,1
2109,0
79,1
5709,1
5250,0
2056,0
4462,1
714,1
3483,1
22,1
292,0
2494,1
2197,1
4026,1
482,1
1711,1
83,0
2768,1
5873,0
4088,0
4847,0
6092,1
5051,1
1892,1
3042,1
274,1
4579,1
5008,1
3206,1
202,1
4568,1
1480,0
6062,1
1545,0
1482,1
1432,1
525,0
3795,0
2124,0
5672,1
6111,1
5068,1
4807,1
3421,1
996,1
904,1
1501,0
926,0
4437,0
2007,1
58,1
4196,0
3403,1
753,1
431,1
2983,1
6101,1
1440,0
5652,1
3029,1
506,1
2772,0
0,1
106,1
3026,1
5882,0
1793,1
6035,1
1587,1
5021,1
2954,1
2930,1
3558,1
2771,0
6058,0
5040,1
3258,0
299,1
3611,1
1067,1
4354,0
2429,1
963,1
702,1
73,0
4201,0
367,1
342,0
1025,1
3259,1
1271,1
5980,1
3745,1
3751,1
2196,0
2773,1
4187,0
3430,0
483,1
4600,1
3291,1
1506,1
2714,1
4944,1
1567,0
5833,1
547,1
3062,1
3390,1
1817,1
3906,1
871,1
5487,1
3957,1
1244,0
2462,1
1253,0
4892,1
3897,1
6131,1
5081,1
1789,1
6014,1
950,1
1535,1
4630,1
5677,1
3914,0
2390,1
4930,0
556,1
5976,0
727,1
5136,1
1300,1
4316,1
5343,1
1281,1
4228,1
2938,0
1766,1
1017,0
1893,0
1617,1
226,0
3418,0
390,1
1024,1
3124,1
1385,0
2624,0
4126,0
4627,1
68,1
2503,1
4351,1
818,1
1076,1
5407,1
2891,0
2083,0
5496,0
3213,1
2487,1
3777,1
3684,1
4628,1
1709,0
637,1
4154,1
3976,1
5211,1
143,1
5630,1
4328,1
464,1
5765,1
5273,1
231,1
3630,0
4888,1
320,1
4680,0
4518,1
4733,1
3730,1
2053,1
4833,0
6088,1
3040,0
332,1
5964,1
2373,1
3851,0
2991,0
552,1
3687,1
205,0
289,0
2897,1
4131,1
2555,0
5525,0
1555,0
4105,1
5363,1
4650,1
3832,1
2173,1
3109,0
5032,1
5582,1
5003,0
4735,1
5867,1
3990,1
4388,0
2097,1
3860,1
4346,1
1922,0
1000,1
1053,1
152,1
783,1
859,1
5740,1
5462,1
620,1
2420,1
6126,1
4267,1
3840,1
1087,1
5931,1
3171,1
1828,1
1876,1
5053,1
4598,1
1428,0
2486,0
142,1
3364,0
4979,1
624,1
4809,1
2172,1
2218,1
441,1
361,1
1534,0
4252,1
1141,1
1058,1
1476,0
2151,1
3262,1
1487,1
5198,1
5356,1
2353,1
3966,0
1688,1
4988,1
3547,0
5304,0
2862,1
1923,0
3238,0
1975,1
2471,1
3411,1
2459,1
3572,1
5412,1
2433,1
2004,1
4359,1
3018,1
3453,1
5555,0
554,0
5688,1
2190,1
3501,1
401,1
1708,1
4751,0
3720,1
4914,1
2217,0
1306,0
1797,0
5045,1
4082,1
4896,1
6046,1
5566,1
4709,1
1092,1
5521,1
5889,0
3246,1
5346,1
4783,1
3949,0
987,0
1678,1
4721,1
2589,1
869,1
745,0
2338,1
4762,1
2799,0
2489,1
2231,1
1184,0
407,0
4094,1
490,1
5549,1
1616,1
634,1
2576,1
3863,1
4095,1
493,0
4824,1
5568,1
3341,0
4928,1
439,0
2677,1
4445,1
2456,1
1208,0
4503,1
4604,1
2146,0
5908,1
1401,1
3826,0
4349,1
2582,0
5064,1
4120,1
941,1
4765,1
411,0
281,1
800,1
1900,1
2436,1
3803,0
4491,1
5370,1
5427,1
1848,0
2858,1
5074,1
308,1
1860,1
843,0
160,1
1466,1
2234,0
1749,1
4754,1
5818,1
5880,0
669,1
2101,1
1270,1
87,1
5079,1
2928,1
1910,1
4198,1
3271,1
1353,0
62,1
5800,1
1986,0
1627,1
4525,1
5401,1
4592,1
3815,0
3537,1
4148,1
1187,1
4435,1
2733,0
3179,1
4379,1
72,1
4062,0
668,1
3797,1
4920,1
1829,0
589,1
2524,1
4296,1
5192,0
955,0
5562,1
4617,1
5851,1
3782,1
1560,0
2312,1
4578,0
5842,1
4932,1
602,1
1431,1
644,1
477,0
3555,1
1608,0
5670,1
1901,1
4705,1
5271,1
3244,0
2374,1
3380,1
5238,1
2144,1
329,1
3934,1
178,1
5624,0
4023,1
1407,1
4155,0
1727,0
3871,0
1211,1
3544,1
5614,1
872,1
3249,0
2630,0
3147,1
1292,1
780,1
978,0
5115,1
5037,1
5757,1
5459,1
5706,1
3905,1
829,1
649,1
1002,1
3072,1
1773,0
5300,1
4240,1
5009,1
5705,0
1183,1
4646,1
51,0
2522,1
2847,1
2023,1
3289,1
93,1
4174,0
2765,1
5292,1
406,1
1926,1
2648,0
16,1
4941,1
4039,1
4534,1
2523,1
5969,1
5352,1
1647,1
5159,1
3150,1
2973,1
5163,1
2934,1
886,0
4226,1
309,1
1239,1
1639,0
1039,1
1764,0
5411,1
4169,1
4471,1
1594,0
882,0
5263,1
5510,1
577,1
2119,0
3960,1
1202,1
5450,1
3396,1
5322,1
910,1
3221,0
146,1
4890,1
804,0
3205,0
4470,1
2972,1
384,1
5565,1
4898,1
223,0
327,1
2824,1
5257,1
5365,1
3277,1
4108,1
5732,1
2081,1
3900,1
2965,1
5826,1
2963,1
952,1
1204,1
3895,0
5293,1
1405,1
4607,1
3644,0
3811,0
1889,1
4618,1
3480,1
3001,0
4081,1
4287,1
2671,0
956,1
5410,1
2299,1
5133,1
3740,1
1347,1
2285,0
4918,1
4649,1
2848,1
769,0
5930,1
1810,1
3810,0
2922,1
3199,1
1220,1
5939,1
3938,1
4962,1
4203,1
2925,1
116,1
4068,1
3299,0
848,1
571,1
2645,1
4092,1
940,1
3303,1
4846,0
5817,1
2987,0
5176,1
4365,0
2703,1
1969,1
461,1
2152,1
2721,1
4726,1
3011,0
1959,1
206,1
5185,1
2684,1
2859,0
2831,1
5716,1
4071,1
6006,1
4447,1
3378,1
2405,1
5338,1
5690,0
831,1
2553,1
1312,0
5270,1
982,0
2018,1
980,1
5310,1
2725,1
3864,1
5299,1
2830,1
4922,1
3388,0
2656,1
1763,1
2446,0
915,1
4742,0
2956,1
4749,1
5017,0
1475,1
5078,1
4125,1
470,1
5164,1
6085,1
2223,1
3091,0
4289,0
5517,1
4575,1
3145,1
2762,1
2701,0
4547,1
4603,1
105,1
6080,1
2957,1
2786,1
1135,1
6121,1
985,1
4660,1
3402,1
528,1
2138,1
5057,1
885,1
3570,1
1855,1
2482,1
5581,0
3099,1
291,0
4314,1
3352,0
2942,0
151,1
6036,1
1582,1
6010,1
3800,0
722,0
5152,0
2341,1
1859,0
1935,1
4147,0
37,1
4582,1
1282,1
3850,0
4527,1
909,0
756,1
4968,1
3525,1
4104,1
4007,1
2304,1
418,0
570,1
3825,0
2474,1
2594,1
1602,1
4567,1
5761,1
6057,1
2148,1
1397,1
4029,1
3673,1
3239,1
2937,0
1803,0
561,1
4037,1
3497,1
1885,1
3006,1
4570,1
4993,1
5327,1
5035,1
646,1
3653,1
1363,0
3835,0
3397,1
3559,1
3705,0
451,1
3809,0
4160,1
3362,1
381,1
4791,1
3883,1
1996,1
1775,1
5820,1
3321,1
2915,0
5812,1
1315,1
5000,1
1700,1
5457,1
3152,1
557,1
3669,0
2529,1
3994,0
5260,1
2496,1
1551,1
3203,1
3510,1
1710,1
4489,1
1409,1
30,0
3598,1
2591,1
1818,1
4299,1
2129,1
1672,1
4620,1
3781,1
4162,1
3584,1
4245,1
3056,1
4667,1
4916,1
4025,1
4825,1
3964,1
6008,0
2021,0
560,0
682,1
4439,0
4324,1
3014,0
4973,1
4813,1
2419,1
4461,0
4654,1
4018,1
348,1
2570,0
619,1
5691,1
1393,1
4085,1
4335,1
2665,1
3877,1
605,0
3166,0
6031,1
4182,1
3048,0
4401,1
423,1
1628,0
3172,1
5551,1
1693,1
3111,0
5912,0
2350,1
1085,1
2059,1
45,1
4678,0
5497,0
3660,1
2797,1
1698,1
6034,1
1694,1
3009,1
3875,0
220,1
498,1
2279,1
612,1
1890,0
5443,1
5704,1
967,1
2561,1
3929,1
4227,1
3445,1
2540,1
5798,1
5956,1
2427,1
5785,1
1427,1
1659,1
3848,0
2890,1
254,1
3038,1
4024,1
2005,1
186,1
3385,1
3689,1
2467,1
4416,0
5651,1
2361,1
5056,1
4701,1
2347,1
4022,1
5294,1
278,1
4843,1
5526,1
2877,1
2468,1
4153,1
96,1
5132,1
2125,1
5235,1
905,1
4867,1
5662,1
5282,1
3691,1
3408,1
448,0
4959,1
1154,1
5676,1
1167,1
1598,1
3744,1
4543,1
267,1
2014,1
757,1
6039,1
5269,1
1082,1
5121,0
4768,1
4861,1
730,0
665,1
1088,1
2881,1
1683,1
3839,0
1620,1
2406,1
3545,1
4690,1
2473,1
2874,1
4000,1
4266,1
1454,1
4951,1
5264,1
5316,1
594,0
5518,0
3314,0
611,1
1275,1
2201,1
2088,1
1478,0
3410,0
2619,1
4829,1
2511,1
3395,1
6118,1
3382,1
3020,1
3575,1
1130,1
1527,1
1384,0
6091,1
2106,1
2573,0
1439,1
2947,1
1637,1
1811,1
77,1
2389,0
2267,1
6081,1
4840,1
1145,1
842,1
2961,1
4980,1
2464,1
3521,1
4689,1
5561,1
199,1
3997,1
1374,0
2308,0
3885,1
2634,1
517,0
2064,1
2935,0
5951,1
5334,1
2673,1
5400,1
1717,1
1691,0
5799,1
4194,1
41,1
5129,1
2997,1
2837,1
1878,1
3561,1
2453,0
5171,0
2246,0
1464,1
1144,1
1722,1
2498,1
311,1
4391,1
972,1
5020,1
4669,1
5646,1
1730,1
6072,1
3320,0
2240,1
5802,1
4269,1
191,1
731,1
5482,1
5119,0
2763,1
1891,1
4795,1
2838,0
5024,1
4902,0
5746,1
4686,0
1078,1
1351,1
1877,1
1712,1
2256,1
5656,1
4050,1
1421,0
3333,0
4679,0
5084,1
1265,1
4042,1
2601,1
5094,0
2122,1
797,0
2403,1
3255,1
1577,1
738,1
4857,1
5941,1
1861,1
1378,1
4080,1
503,1
2438,0
968,0
4016,1
4270,1
32,1
1668,1
1107,1
5065,1
5992,0
2423,1
1301,1
5708,1
507,1
5970,1
1723,1
3693,1
3965,0
4674,1
1832,1
5375,1
5878,0
3685,1
5423,1
40,1
4077,1
2587,0
4134,1
2966,1
5382,1
1949,0
1532,1
1980,0
1143,1
3377,1
2896,1
1952,0
2985,1
5254,1
2864,1
2834,1
779,0
1258,0
5359,1
3651,0
2302,1
3600,1
3076,1
262,1
1658,1
388,1
4666,1
4767,1
861,1
752,1
5625,0
272,1
3092,0
4616,1
1250,0
1317,0
2259,0
5284,1
2729,0
4664,1
502,1
1523,1
2292,1
1824,0
3665,1
50,1
2476,0
5358,0
4308,1
360,0
2100,1
1760,1
2250,1
4398,1
9,0
1471,1
998,1
4428,1
5659,1
1057,1
1450,1
1611,1
2044,0
396,1
6105,1
4451,1
3807,0
2191,0
766,0
3292,1
511,1
2480,1
1787,0
521,1
5140,1
300,1
3217,1
5103,1
1260,1
3272,1
5965,1
901,1
54,1
295,0
3727,1
4924,1
250,1
5671,1
2178,1
4234,0
5872,0
3700,1
4046,1
2435,1
347,0
613,1
1701,1
1801,1
781,1
3617,0
5122,1
4238,1
4421,0
1902,1
2792,1
1576,1
4330,1
35,1
5214,0
6019,0
1699,0
5779,1
1291,1
1553,1
5005,1
4254,1
4874,1
853,1
2836,1
6052,1
5195,1
4374,1
535,1
4159,1
4764,1
133,1
1245,1
1826,0
446,0
2780,0
1844,0
1804,1
2143,1
1529,1
258,1
4367,1
947,1
447,1
2636,1
3709,1
4206,1
3814,0
3323,0
5857,1
5463,1
1018,1
4377,1
1111,1
2969,0
3601,0
2988,1
2521,1
5166,1
3083,1
870,1
2026,1
4508,1
2592,0
364,0
5896,1
2899,1
3816,0
1525,1
301,1
60,1
3950,0
1814,1
5039,1
4425,1
744,1
4642,1
4340,1
1237,1
5811,1
1618,1
2854,1
4304,1
2195,0
5629,1
4516,0
793,1
4623,0
1729,1
1754,1
4302,1
576,1
2904,0
92,1
3524,1
1806,1
2306,1
3261,1
5259,1
1680,1
5012,1
5948,1
3274,1
3736,1
3387,0
5546,1
3847,0
1426,1
2142,1
4143,0
1705,1
2845,0
1881,1
1344,1
2074,1
2391,1
5577,1
5737,1
565,1
4394,1
3490,1
121,0
3349,1
4640,1
3989,1
5533,0
5509,1
5452,1
2019,1
466,1
3041,1
2626,1
2559,1
4404,1
1665,1
2933,1
5476,1
4572,0
4091,1
3752,1
5744,1
2351,1
1386,0
5050,0
1438,0
4212,1
5684,1
2873,1
1583,0
3163,0
2639,1
5127,1
4986,1
5554,0
3412,1
4635,1
683,1
2099,1
3522,1
593,1
2339,0
4964,1
4184,1
3059,1
2740,1
2006,1
4089,1
1403,1
4557,1
114,1
5944,1
946,0
2073,0
512,1
307,1
4331,1
888,1
5182,1
3188,1
189,1
5206,0
2032,1
5650,1
5170,1
1349,1
4176,0
3988,1
1247,1
3010,1
2813,1
3192,0
3399,1
5679,1
3187,1
2140,1
5966,1
2232,1
5693,0
158,1
4996,1
1624,1
176,0
5548,0
1794,1
1115,1
732,1
1137,1
1359,0
826,1
1392,0
5673,1
1192,1
1348,1
3138,0
4044,1
2607,1
2787,1
1411,0
5398,0
5417,1
2976,1
3648,1
1180,1
3281,1
583,1
402,1
4787,1
2610,1
312,1
3640,1
5247,1
3876,0
2638,1
4844,1
456,1
1457,1
4291,1
385,1
4476,1
2734,1
4684,0
2475,0
1295,1
173,1
5848,1
533,1
739,1
718,1
4358,0
2872,1
5376,1
4193,1
3632,1
3588,1
4506,1
513,1
4473,1
4345,1
2917,0
8,1
1489,0
684,0
1343,0
2598,1
1437,1
1746,1
4546,1
2688,0
3546,1
1905,1
857,1
4779,1
1259,0
497,0
5777,1
2981,1
445,1
5735,1
2087,0
2378,1
1021,1
2395,1
4695,1
5058,1
5637,1
5061,1
2066,0
471,0
5556,1
5753,1
3818,0
721,1
2640,1
1914,1
2839,0
2625,0
3667,1
514,1
4633,1
3747,1
2432,1
5388,1
681,1
3448,0
4946,1
860,1
3148,0
4066,1
88,1
2490,1
6015,1
3135,1
1907,1
3400,1
2377,1
3605,1
5743,1
5981,1
2525,1
4197,1
591,1
1641,1
2676,1
2224,1
3371,1
3979,1
5669,1
2745,1
3180,1
836,0
5217,1
5628,1
2751,1
1494,1
6004,1
4168,1
4756,1
1656,0
4073,1
3101,0
3771,1
3036,1
1126,1
4708,1
56,1
2233,1
1774,1
3952,1
3063,1
5015,1
1169,1
1573,1
983,1
1210,1
4321,1
5440,0
1086,1
478,1
5139,1
4864,0
672,0
4665,1
5961,1
1835,1
2528,1
5782,0
902,0
3531,1
1356,1
1229,1
4953,1
3573,0
3119,1
5902,1
2157,1
102,1
5095,1
3248,1
3169,1
898,1
4259,0
3481,1
4010,0
4586,1
4311,1
4260,0
4128,1
1334,0
5598,1
1530,1
75,0
4357,1
2071,1
4971,1
4139,1
5428,1
5748,1
1682,1
5621,1
792,1
3954,0
6041,1
1242,0
236,1
2,1
2401,0
2188,1
1256,1
1151,1
4004,0
2802,1
1048,1
5885,0
5505,1
2687,0
5823,1
6070,1
581,1
3417,1
1585,1
3569,1
1936,1
3500,1
4360,1
3833,1
5683,1
1289,1
4834,0
1778,1
3240,1
3032,0
1524,0
3596,1
6135,1
4480,1
500,1
2434,1
2903,1
4141,0
2090,1
852,1
1570,0
2263,1
4731,1
5574,1
5480,1
4127,0
4370,1
2605,0
4231,1
4432,1
5612,0
670,0
4780,1
4760,1
4626,0
3969,1
4521,1
38,1
4504,0
1388,1
4641,0
2085,0
4279,1
1452,1
2606,1
6073,1
4766,1
1513,1
2052,0
314,1
1679,1
4410,1
3692,1
938,1
1354,0
3853,0
1040,1
4747,1
124,1
6009,1
3768,1
480,1
2210,1
3344,0
542,1
2704,1
6107,1
3718,1
177,1
1366,0
867,0
4677,1
1958,1
6024,1
4556,1
3567,1
1858,1
4851,1
4969,1
4805,1
2213,1
5564,1
1051,1
4594,0
5249,1
2504,1
2658,1
4043,1
5528,1
3151,1
345,0
1857,0
1931,0
4965,1
3284,1
5520,1
4909,1
4251,0
5406,1
430,0
6025,1
4511,1
5181,1
4605,1
2493,1
856,1
3917,1
5712,1
3838,0
632,1
1455,1
5760,1
5876,0
4706,1
2727,1
3446,1
3084,1
881,0
4612,1
5928,1
3578,1
1956,0
240,1
2270,1
5033,0
2041,0
2156,1
3785,0
1490,1
2613,1
2076,1
3024,1
339,1
4643,1
5647,1
3414,1
1005,1
2574,1
3214,1
2261,1
6102,1
598,1
5738,1
3666,0
2024,1
3755,1
3671,0
222,1
5649,1
5755,0
3196,1
3940,1
3005,0
5508,1
1064,0
5361,1
5086,1
6127,1
4090,1
2558,0
746,1
4900,1
3447,1
2113,0
639,1
1847,1
5386,1
4863,0
4192,1
5420,1
5572,0
5256,1
523,1
2577,0
4713,1
1372,0
2826,1
4831,1
2756,1
2637,1
2901,1
3128,1
5942,1
195,1
1212,0
5431,1
3532,0
5590,1
270,1
5043,1
3773,1
5619,1
1241,1
3580,0
1592,1
2712,1
3845,0
4703,1
4549,1
5341,1
2161,1
2844,1
5447,1
5199,1
15,1
986,0
2940,1
3123,0
287,0
3686,1
3536,1
1307,1
3585,0
942,1
4161,1
3713,1
1189,1
1268,0
172,0
1391,1
1924,1
3316,1
3696,1
2992,1
3932,1
5351,1
1838,1
277,1
2984,1
4190,1
2331,1
1552,1
2485,1
3331,0
2208,1
4865,0
2795,1
2012,1
3242,1
2651,1
1498,1
5594,1
4150,1
3016,1
3724,0
3762,1
3077,1
837,1
5613,1
787,0
630,1
6000,1
1326,1
64,1
2955,1
2886,1
5492,1
1198,1
4028,1
1152,1
115,0
5165,1
5107,1
534,1
662,1
335,0
5979,1
3452,1
5333,1
4615,1
1155,0
5839,1
4828,1
4619,1
459,1
579,1
2964,1
3058,1
3270,1
1862,1
3844,0
1083,1
1614,1
1649,1
1667,1
469,1
4434,1
4827,1
2264,1
1997,1
1065,1
1788,0
5618,1
5747,1
1880,0
5138,1
6023,1
3586,1
122,1
5808,1
2126,1
5202,0
2359,1
5025,1
1681,1
334,1
4580,1
5394,1
5569,1
3551,0
5813,1
4755,0
2909,1
1651,0
3587,0
5328,1
3282,1
2344,0
2679,0
6074,1
1983,1
4697,1
566,1
5972,1
5698,1
422,1
784,0
763,1
516,0
5389,1
3589,0
3942,1
1957,1
5317,1
2112,1
3476,1
3134,0
688,1
2258,0
4746,1
5041,1
1744,0
3619,1
3093,1
235,1
5227,1
5258,1
1886,1
4552,1
337,1
429,1
5451,1
495,1
508,1
4704,1
3117,1
1197,1
265,1
835,1
790,0
3346,1
1014,1
4658,1
5047,1
2183,1
2916,1
2906,0
3265,0
499,0
2034,1
2660,1
1322,0
3204,0
1820,1
3155,1
91,1
3088,0
405,0
5924,1
1780,1
2695,0
3944,1
4178,1
2796,1
5918,1
2155,1
5243,1
5530,1
3066,0
2642,0
5968,1
1921,0
6116,1
1049,0
3386,1
5786,1
5330,1
330,1
400,1
880,1
1640,1
2583,0
2379,0
2036,1
4376,1
6049,1
144,0
5858,1
1825,1
2618,0
2527,1
2388,1
2045,1
5585,1
2328,1
1194,1
5208,1
5741,1
1776,1
4927,1
5996,1
1670,1
2718,1
1882,1
4164,1
3925,1
5118,0
2758,0
1731,1
1762,0
3930,1
3070,0
125,1
2774,1
3168,1
3426,0
4295,1
4247,1
212,1
676,1
2118,1
2501,1
2343,0
5069,0
4558,1
3422,1
1896,0
4740,1
3739,0
754,1
3004,0
5296,0
4222,1
2669,1
253,1
1166,1
3383,1
1871,1
6,1
261,0
2959,1
5454,1
3449,1
1728,0
1446,1
4096,1
1502,0
136,1
3756,1
2108,1
5162,1
3534,0
4699,1
1992,1
2357,0
3012,1
5473,1
2815,1
1430,1
252,1
6029,1
5853,1
128,1
1750,1
3065,1
627,1
2632,1
5500,1
1105,1
1726,0
5596,1
597,1
3003,1
4728,1
1046,0
3136,1
664,1
1139,1
1963,0
3225,1
5675,1
5261,1
4142,0
3193,1
2975,1
4408,1
4981,1
2868,1
504,1
3504,1
801,1
5692,0
2038,1
2179,0
5475,1
530,1
2368,0
1912,1
1102,1
1660,1
719,1
3681,0
2333,1
6003,1
3348,1
1491,1
5825,1
200,1
3602,1
2214,1
366,1
6099,1
563,1
286,1
3394,1
2631,0
2699,1
5567,1
357,1
4303,1
4553,1
4676,0
5466,1
3486,0
4465,1
5921,1
1951,1
3933,0
234,1
519,1
5131,0
1036,0
5161,1
2060,1
5511,1
5632,1
3637,0
4352,1
1697,1
822,1
4135,1
5689,1
4730,1
3122,1
712,1
2049,1
1607,0
1645,1
2705,0
4497,1
2914,0
4562,1
1499,1
4683,0
349,0
5052,1
1185,1
2616,0
1001,1
4972,1
5055,0
4158,1
3381,1
1845,1
838,0
3822,0
2137,1
1925,1
2505,1
2644,1
2823,0
4171,1
4937,1
3413,1
1314,1
2369,1
394,0
4761,1
3384,1
3888,1
3357,1
816,1
323,1
154,1
538,1
5855,1
2967,1
1911,1
5763,0
1674,1
3108,1
5237,1
931,0
1629,1
574,1
4329,1
5267,1
4188,1
4119,1
6013,0
3047,0
1807,1
5362,1
3298,1
1062,1
1507,0
851,1
4397,0
4275,1
1157,1
4313,0
1822,1
5606,1
5736,1
4036,1
3594,1
4483,1
4571,1
6132,1
1974,0
5769,1
922,1
1294,1
4389,1
5160,1
2229,1
1246,1
6114,1
3941,1
5836,1
3237,0
3893,1
1477,1
5626,0
2017,1
4850,1
2902,1
3865,1
3710,1
1836,0
1209,0
2595,1
3725,0
636,1
3733,0
4519,1
3175,1
5285,1
5104,1
2926,0
2284,0
3309,1
3869,0
3761,1
31,0
2990,1
2386,1
616,0
2465,1
3247,1
4130,1
3283,1
2861,1
3565,0
3855,1
1199,1
1541,1
4079,1
4320,1
1638,1
2708,0
1161,1
2479,1
5194,1
1257,0
2320,1
2512,1
1646,0
1771,1
658,1
1581,1
4685,0
5772,1
1584,1
4849,1
6048,0
678,0
1133,1
230,1
5378,1
5488,1
2198,1
5201,1
6047,1
641,1
132,0
491,1
424,1
5147,0
3647,0
2103,1
3478,1
1304,1
3764,0
2150,1
80,1
2921,0
389,1
3734,0
3477,0
4118,1
5216,1
643,1
1298,1
5937,1
3094,0
1768,1
1273,1
750,1
2425,0
3455,1
420,1
5337,1
3097,1
3208,1
4524,1
4455,1
5472,1
2075,1
3350,1
4893,0
3978,1
2560,0
3406,1
3792,0
4515,1
5224,1
913,0
369,0
1927,0
59,1
2016,1
4207,1
4499,1
4224,1
709,1
3472,1
5710,1
4033,1
4348,0
3007,1
3310,0
5542,1
2241,1
2870,0
2661,1
3597,1
2898,1
531,1
112,1
285,0
1224,1
810,1
2863,0
6130,1
1283,1
1840,1
1846,1
674,0
1800,0
1472,0
3821,0
551,1
375,1
5711,1
2884,0
4136,1
5907,1
2031,1
3462,1
4156,0
2470,1
4945,1
2999,1
1619,0
650,1
866,1
2252,1
3968,0
2516,1
1798,1
2888,1
2194,1
4789,1
5666,1
417,1
263,1
3918,1
3519,1
2268,1
1097,1
1100,1
283,0
995,1
2215,0
798,0
4507,1
2022,1
3577,1
4998,1
4409,1
1361,0
1469,0
4958,1
293,1
4412,1
159,1
5332,1
1364,0
5674,1
2132,1
3750,1
549,1
294,1
2647,1
5030,1
5731,1
791,1
4772,1
4501,1
4510,1
4385,1
5597,1
3443,1
2055,1
920,0
216,1
3437,1
5006,1
2387,1
2776,1
5150,0
2882,0
651,0
6061,1
5847,1
4819,1
625,0
550,0
99,1
4411,1
4889,1
5527,1
1823,1
3715,1
3907,1
4481,1
5446,1
1142,0
119,1
3987,1
5275,1
3842,0
4587,1
1973,1
4485,1
2375,1
1380,0
1981,1
4793,1
2622,1
4053,1
2414,0
2452,1
2084,1
796,1
4008,0
5681,1
3044,0
4894,1
3862,1
5087,1
582,0
907,1
2311,1
3530,1
653,1
2519,1
5236,1
46,0
2393,1
2892,1
4173,1
487,1
1293,1
3956,1
4529,1
3999,1
2481,1
475,1
4564,1
4137,1
5557,1
5919,1
5329,1
3535,0
5591,1
5498,0
3233,1
2058,1
2392,1
57,1
3552,1
4949,1
81,0
2153,1
3955,1
4472,1
5869,1
2755,1
2345,1
5204,1
5469,1
2325,1
2449,0
539,1
104,1
1181,0
2952,0
1937,0
2447,0
5887,1
4479,1
3901,1
5893,0
5011,1
2287,1
17,1
3675,1
4429,1
1340,0
5999,1
5379,1
2317,1
4853,0
5063,1
3513,1
3904,1
3967,0
3655,1
383,0
85,1
5453,1
2319,1
2219,1
4700,1
4113,1
4919,1
188,1
5856,1
225,1
4687,0
4298,0
1435,1
5080,1
3198,1
4714,1
911,1
27,1
2167,0
2580,0
3355,0
2696,1
1704,1
2801,0
209,1
1103,0
476,1
4112,0
2920,1
5827,1
370,0
3268,0
3370,1
623,0
758,0
708,0
2450,0
2069,0
526,1
2370,1
5579,1
1703,1
4897,1
4770,0
5368,1
6109,1
747,1
4255,1
3286,0
47,1
397,0
4012,1
2105,1
1069,0
52,0
1387,1
2135,1
5829,1
1874,1
1483,1
1634,1
5617,1
3507,0
5092,1
4399,1
1813,0
14,0
2693,1
5372,1
3013,1
4063,1
5424,1
2662,1
5324,1
1812,1
3294,1
1837,1
4589,1
219,0
5955,1
359,0
5916,1
4083,1
3144,1
2086,1
317,0
2318,1
3852,1
4536,1
1899,0
2810,1
2566,1
18,0
3820,1
5583,0
5631,1
5220,1
5168,1
1099,1
3067,1
1153,1
5203,1
933,0
2654,1
3908,1
1664,0
4799,1
1870,1
2499,1
5644,1
5272,1
343,0
5117,1
4386,1
3235,1
1621,0
4436,1
275,1
2187,0
1904,1
854,1
873,1
4775,1
4100,1
232,1
4163,1
1443,1
795,0
3297,1
2448,1
2115,1
1337,0
3295,1
2919,0
2158,1
3663,1
4583,1
3892,1
4372,1
2620,1
242,1
4500,1
1290,0
2286,0
5797,1
3034,1
5266,1
4183,0
1415,1
3200,1
1696,1
2273,1
2869,1
3435,0
2047,1
4584,1
717,1
110,0
5313,1
4294,1
5844,1
1652,1
2568,0
4498,1
4116,1
1121,1
505,0
1056,1
4263,1
5474,0
4566,1
5445,1
3625,1
3030,1
1104,1
2510,0
2551,1
5636,1
1979,1
4353,1
3974,1
2663,1
2770,1
3338,1
6089,1
3229,0
839,1
2043,0
4955,1
2221,1
4013,0
165,1
3576,1
4837,1
472,1
196,1
5534,0
1006,1
3068,0
280,1
1548,1
3887,1
5479,1
138,1
4017,1
4433,1
3627,1
5552,1
2171,0
921,0
3641,0
1509,1
2849,0
2617,0
893,1
5658,1
5750,1
1519,0
3884,0
3118,0
3428,1
3112,1
5984,1
3087,0
5083,1
2542,1
1458,1
2185,1
4214,1
1850,1
203,1
2635,0
4975,1
4185,1
2827,0
2646,1
1041,1
2502,0
3055,1
2968,1
3113,1
5722,1
1657,1
410,0
5399,1
76,1
1297,1
1579,1
4856,1
3828,0
4280,1
1045,1
5426,1
2216,1
3471,1
3857,0
5791,1
5308,0
515,1
2517,1
3704,1
25,1
1156,1
1941,1
4138,1
742,1
1528,1
5215,1
2009,1
4634,1
3227,1
5484,1
5810,1
6108,1
924,1
4239,1
607,1
2793,1
5441,1
1759,1
4487,1
2723,0
4548,0
3629,1
1201,1
2413,1
403,0
2910,1
2667,1
4285,1
5640,1
5682,1
5318,1
999,1
2977,1
218,1
5733,1
5949,1
4978,0
5634,1
3243,1
2541,0
4574,1
3996,1
4734,1
2657,1
2549,0
3505,1
6007,1
1089,1
3106,1
4763,1
1690,1
5098,1
4040,1
4423,1
4522,1
1434,1
2431,1
1321,1
4246,1
2290,0
426,1
2584,0
592,1
4668,1
1416,0
2200,1
5277,1
207,1
5775,1
5806,1
221,1
395,1
1394,1
1597,1
3742,1
5620,0
1625,1
1308,0
1228,1
3646,1
3613,1
1128,1
2444,1
3935,1
166,1
36,1
939,0
4054,1
587,1
510,0
1549,1
3061,1
3991,0
2035,1
1127,1
3153,1
5158,0
1715,1
2237,1
3000,1
4366,0
2893,0
2948,0
2900,0
5759,1
2659,1
6042,0
2296,1
3542,1
2255,1
1402,1
184,1
951,1
3769,1
63,1
1999,1
3992,0
2078,1
1595,1
1335,0
3635,0
1060,1
3046,0
5014,1
4072,1
2180,0
1676,1
1884,1
606,1
5523,1
887,1
215,1
408,1
435,0
5795,1
5349,1
4109,1
3512,1
1557,1
2063,0
255,1
891,0
5804,1
4748,1
4189,1
5985,1
5414,1
2332,0
3367,1
3082,1
3215,1
716,0
3634,1
437,1
3330,0
1463,1
2077,0
5721,1
4960,1
2189,1
1655,0
628,1
2428,1
1977,1
2924,1
5929,1
425,1
5664,1
832,1
1444,1
2911,1
3027,1
1564,1
415,1
3812,0
69,1
3051,1
2800,1
5864,1
1781,1
6011,1
3132,1
2249,1
468,1
1050,1
5947,1
501,1
1809,1
5702,1
820,1
932,0
3305,1
5297,1
5657,1
1236,1
2775,1
4759,1
736,0
4274,1
4362,1
3642,0
2121,1
5027,1
2207,0
5871,0
1765,1
5093,1
5922,1
174,0
4261,0
5357,1
5022,1
4879,1
6115,1
4936,1
4778,1
1702,1
5962,1
5251,0
4845,1
1569,0
4935,1
1785,1
4917,1
5623,1
588,1
4166,0
1389,0
5742,1
2238,0
204,1
5288,1
2678,1
5390,1
2262,1
830,1
558,0
1883,0
4798,1
5790,1
749,1
5602,1
3194,1
3288,1
2749,1
5461,1
3708,1
1684,1
4908,1
1396,1
2720,1
1636,1
5172,1
120,1
5997,1
463,1
1319,1
4691,0
3690,1
4272,1
2932,1
991,0
3759,1
1074,0
3285,1
1496,1
3721,1
1970,0
1079,1
3645,0
6027,1
5639,1
190,1
661,1
2274,1
3579,1
5205,1
2602,1
1514,1
2927,1
1179,1
1468,0
4712,1
1132,1
3712,1
609,1
4800,1
4609,0
1725,1
187,1
1119,1
1329,1
4282,1
2724,0
760,1
5364,0
55,0
1599,1
4769,1
5174,0
3564,1
601,1
2050,1
6094,1
5088,1
74,1
3308,0
4711,0
4836,1
2943,1
162,0
3054,1
2682,1
4887,1
1733,1
5729,1
5397,1
5253,0
19,1
4624,0
4459,0
2822,1
3802,1
3484,1
5959,1
5663,1
1909,1
2271,1
3015,0
705,0
5102,1
1324,1
1972,1
3728,1
3154,1
2692,1
5653,1
3086,1
2759,0
1267,1
4826,0
2278,1
5633,1
689,1
5935,1
488,0
4963,1
4030,1
1055,1
3986,1
5458,0
4904,0
4823,0
5846,1
2163,1
1108,1
2788,1
3496,1
5323,1
3470,1
1129,0
2326,0
541,1
4463,1
4872,0
2500,1
5468,1
21,1
78,0
2809,1
1008,1
2020,0
3804,0
3365,1
2330,0
3089,1
5262,1
2670,0
6028,0
1254,1
3772,1
4637,1
5467,1
108,1
6117,0
2184,1
2257,1
3520,1
5994,1
4132,1
4020,1
701,1
4531,0
5339,1
1227,1
5034,1
4702,1
140,1
1470,1
1948,1
3866,1
6033,1
2572,1
440,1
642,1
1009,0
1772,1
3981,1
723,0
4596,1
4290,1
3677,1
2477,1
1150,0
5559,1
3609,1
2649,1
485,1
5485,1
4233,0
5190,0
524,1
3207,1
1841,1
4545,1
4610,1
1991,1
3260,0
3008,1
1073,1
3516,1
5730,1
3127,1
3178,1
5416,1
1933,1
4724,1
2346,0
5495,1
1758,1
1120,1
1091,1
5910,1
1044,1
2396,1
5212,1
614,1
5335,1
5151,0
4781,1
26,1
5246,1
3910,1
3616,1
1196,1
648,1
1961,1
883,1
1968,1
1106,0
2753,1
774,0
3081,1
1,0
6093,0
1263,1
2575,1
4099,1
4551,1
1954,0
3886,1
3228,0
5995,0
1413,0
4855,1
5071,1
4426,0
5595,1
326,1
3039,1
3758,0
4242,1
1988,1
1998,1
2070,0
4243,1
6096,1
2543,1
5838,1
53,1
412,0
691,1
2508,1
5326,1
2176,1
2709,1
6063,1
1358,1
3064,0
812,0
433,1
3028,1
4597,0
5501,1
233,1
107,1
2686,1
5616,1
2411,1
4336,1
929,0
4842,0
4532,1
2889,1
3948,0
974,1
3425,1
4213,0
5854,1
4060,1
5801,1
5222,1
775,1
778,1
5890,0
5983,1
3608,1
543,1
2415,1
5128,0
737,1
4121,1
44,1
4129,1
3943,0
4576,1
5603,1
1868,0
1869,1
4670,1
1284,1
5897,1
2412,1
4202,1
2603,1
4681,0
1802,0
5046,1
5879,0
6075,1
1022,1
2507,1
2280,1
2002,1
2307,1
5123,1
789,0
484,1
2556,1
1061,1
2518,1
1588,1
1232,1
6037,1
1654,1
3186,1
2095,1
4375,1
82,1
2289,0
1016,0
4560,1
2383,1
993,0
4912,1
2675,1
3776,1
1362,1
3482,1
1171,1
3164,1
3125,1
2372,1
2162,1
243,1
1559,1
352,1
5906,1
961,0
5444,1
113,1
802,1
5144,1
4957,1
5963,1
449,1
1753,1
2949,0
4078,1
4342,1
3165,0
4151,0
5895,1
1863,0
1170,1
3174,1
4338,1
3593,1
2316,1
4235,0
4577,1
453,1
2275,1
3881,1
3670,1
4215,0
799,1
5622,1
399,1
238,0
2681,1
5314,1
1352,0
4910,1
4563,1
2170,1
4249,1
2621,1
1305,1
3131,1
5752,1
803,1
1743,0
4384,1
264,1
1123,1
1280,0
5114,1
1303,0
4796,1
4537,1
1984,1
5866,1
5048,1
5792,1
3882,1
3774,1
4393,1
5188,1
2953,1
4694,0
3256,1
1382,1
380,1
819,1
1441,1
6098,1
638,1
4792,1
4297,1
5157,1
3115,1
5543,1
4757,1
5719,1
5477,1
3638,1
5156,1
5870,0
3889,0
6077,1
4035,1
153,1
5787,1
2960,0
1737,1
4486,1
2404,1
5305,1
358,1
2174,1
5464,1
1436,1
1096,1
362,0
4400,1
2321,1
3858,1
2382,1
1412,0
863,1
5109,1
2689,0
3599,1
5221,1
2537,1
3962,1
5143,1
1190,1
945,0
4318,1
2091,1
6123,1
2133,1
5120,1
2015,1
2833,1
959,1
3741,1
1613,1
5638,1
4107,1
573,1
4241,1
149,1
2982,1
4387,1
2535,1
1131,1
1350,1
4753,1
3220,1
419,0
2402,1
2779,1
2092,1
4528,1
6053,1
2761,1
2010,1
4613,1
4097,1
4337,1
5645,1
733,0
1898,1
548,0
1124,0
889,1
350,1
376,0
4232,0
5958,1
5773,1
279,1
3622,1
4334,1
1757,1
2666,1
2835,1
4087,1
428,0
4301,1
2650,0
4286,1
5367,1
1508,1
3796,0
3615,1
372,1
4309,1
811,1
5344,1
1606,1
5442,1
4262,0
2750,1
5178,1
2409,0
2850,1
5306,1
5413,1
2212,0
1101,0
2154,1
4990,0
4424,1
365,1
4591,1
3656,1
2536,1
981,1
1971,0
916,1
1285,0
4926,1
3680,1
4069,1
2324,1
2166,0
373,1
4710,1
4344,1
1565,1
3278,1
5610,1
1675,1
5667,1
324,1
3157,1
3830,1
5993,1
2538,1
5242,1
3489,0
