index,37013,37211,37064,37027,37221,37209,37076,37115,37207,37214,37203,37217,37206,37072,37067,37086,37205,37215,37208,37138,37216,37212,37015,37210,37204,37069,37073,37218,37080,37220,37219,37143,37189,37201,37026,avg_home_value
1996-01-01,109670.0,106734.0,185356.0,278097.0,147818.0,109565.0,111805.0,83431.0,88757.0,90986.0,147659.0,87304.0,88846.0,113466.0,223323.0,102888.0,224625.0,262194.0,,112877.0,88121.0,124073.0,77069.0,79652.0,154906.0,224206.0,97999.0,96715.0,100882.0,185197.0,,102606.0,99095.0,,,115807.0
1996-02-01,110113.0,107099.0,185830.0,278949.0,148278.0,109833.0,112174.0,83844.0,88978.0,91382.0,148063.0,87676.0,89146.0,113699.0,223362.0,102924.0,225404.0,262701.0,,113258.0,88466.0,124773.0,77404.0,80214.0,155616.0,224165.0,98271.0,96743.0,100959.0,185138.0,,102595.0,99161.0,,,116150.0
1996-03-01,110502.0,107465.0,186363.0,280102.0,148776.0,110119.0,112465.0,84214.0,89205.0,91756.0,148532.0,87963.0,89304.0,113990.0,223813.0,103113.0,226360.0,263324.0,,113656.0,88751.0,125195.0,77695.0,80614.0,156426.0,224813.0,98600.0,96824.0,101073.0,185521.0,,102631.0,99564.0,,,116540.0
1996-04-01,111295.0,108224.0,187234.0,282052.0,149757.0,110736.0,113059.0,84939.0,89562.0,92508.0,149409.0,88595.0,89650.0,114774.0,224668.0,103450.0,228334.0,264787.0,,114436.0,89336.0,126309.0,78275.0,81281.0,158037.0,225632.0,99234.0,97066.0,101279.0,186392.0,,102838.0,99833.0,,,117300.0
1996-05-01,112128.0,108963.0,188162.0,283765.0,150615.0,111338.0,113683.0,85603.0,90104.0,93240.0,151089.0,89211.0,90189.0,115602.0,225691.0,103889.0,230387.0,266371.0,,115214.0,89922.0,127568.0,78985.0,81785.0,159922.0,227047.0,99774.0,97800.0,101650.0,187482.0,,103283.0,100366.0,,,118071.0
1996-06-01,112982.0,109639.0,189085.0,285161.0,151485.0,112027.0,114306.0,86245.0,90606.0,94038.0,152675.0,89950.0,90906.0,116471.0,226523.0,104438.0,232435.0,268111.0,118109.0,116054.0,90507.0,129489.0,79635.0,82290.0,161617.0,228159.0,100240.0,98686.0,102063.0,188631.0,,103741.0,100657.0,,,118841.0
1996-07-01,113867.0,110367.0,190103.0,286776.0,152349.0,112493.0,114862.0,86958.0,91224.0,94891.0,154294.0,90695.0,91597.0,117179.0,227378.0,105178.0,234511.0,269768.0,117922.0,116920.0,91134.0,131458.0,80240.0,83192.0,163246.0,229305.0,100609.0,99510.0,102453.0,189202.0,,104124.0,101096.0,,,119620.0
1996-08-01,114736.0,111082.0,190882.0,288433.0,153349.0,113092.0,115347.0,87665.0,91698.0,95740.0,155215.0,91339.0,92110.0,117719.0,228275.0,105906.0,236386.0,271618.0,117999.0,117719.0,91766.0,133306.0,80542.0,83844.0,164489.0,230488.0,101188.0,99793.0,102528.0,190366.0,,104400.0,101475.0,,,120345.0
1996-09-01,115551.0,111876.0,191703.0,289973.0,154261.0,113650.0,115830.0,88304.0,92414.0,96499.0,156062.0,91844.0,92627.0,118210.0,229502.0,106705.0,238174.0,273526.0,118224.0,118419.0,92437.0,134674.0,80798.0,84386.0,165980.0,231552.0,101827.0,100068.0,102769.0,191470.0,,104738.0,102160.0,,,121054.0
1996-10-01,116199.0,112514.0,192556.0,291356.0,155079.0,114305.0,116427.0,88769.0,93066.0,97123.0,156969.0,92218.0,93137.0,118561.0,230606.0,107359.0,239713.0,275157.0,118048.0,119150.0,92956.0,136192.0,80996.0,84679.0,167313.0,232875.0,102363.0,100164.0,102611.0,193060.0,,104994.0,102649.0,,,121684.0
1996-11-01,116892.0,113339.0,193778.0,293101.0,156028.0,114935.0,117211.0,89400.0,93913.0,97903.0,157968.0,92756.0,93586.0,119259.0,232055.0,107832.0,241744.0,277098.0,118694.0,120061.0,93484.0,137815.0,81363.0,85289.0,168761.0,233917.0,102696.0,100470.0,102842.0,194404.0,,105309.0,103243.0,,,122421.0
1996-12-01,117547.0,114070.0,195396.0,295042.0,156894.0,115553.0,117938.0,89996.0,94450.0,98595.0,158684.0,93201.0,93813.0,119794.0,234156.0,108134.0,243531.0,278879.0,118789.0,120934.0,93903.0,139697.0,81686.0,85926.0,169549.0,235258.0,102974.0,100631.0,102577.0,195309.0,,105673.0,103202.0,,,123078.0
1997-01-01,118223.0,114803.0,196305.0,296255.0,157684.0,116293.0,118590.0,90532.0,94985.0,99295.0,158523.0,93712.0,94167.0,120445.0,235071.0,108112.0,245421.0,281770.0,119714.0,121672.0,94380.0,141215.0,82087.0,86382.0,170383.0,235415.0,103170.0,101179.0,102799.0,196332.0,,106096.0,103483.0,,,123650.0
1997-02-01,118710.0,115398.0,197055.0,297209.0,158292.0,117005.0,119003.0,90859.0,95373.0,99800.0,158022.0,94071.0,94595.0,121125.0,236276.0,108446.0,247083.0,284318.0,119438.0,122286.0,94779.0,142727.0,82464.0,86529.0,171267.0,236034.0,103563.0,102025.0,103083.0,197517.0,,106527.0,103837.0,,,124196.0
1997-03-01,119267.0,116113.0,197223.0,297456.0,158967.0,117629.0,119499.0,91275.0,95922.0,100364.0,157772.0,94580.0,95302.0,121930.0,236406.0,108695.0,248602.0,286912.0,119114.0,122943.0,95297.0,144153.0,82930.0,86723.0,172312.0,235853.0,103853.0,103163.0,103604.0,198857.0,,106943.0,104297.0,,,124730.0
1997-04-01,119866.0,116835.0,198304.0,298505.0,159708.0,118181.0,120163.0,91819.0,96763.0,101010.0,158283.0,95154.0,96189.0,122439.0,237672.0,109390.0,249889.0,288307.0,119155.0,123626.0,95877.0,145742.0,83316.0,87114.0,173171.0,236827.0,104371.0,104012.0,104166.0,199693.0,,107300.0,105107.0,,,125364.0
1997-05-01,120312.0,117513.0,199131.0,299638.0,160490.0,118822.0,120727.0,92261.0,97246.0,101631.0,158068.0,95733.0,96581.0,122642.0,238449.0,110006.0,250986.0,289524.0,119080.0,124314.0,96387.0,147187.0,83384.0,87716.0,173079.0,236880.0,104576.0,104112.0,104267.0,200196.0,,107412.0,105279.0,,,125881.0
1997-06-01,120565.0,118145.0,199850.0,301225.0,161103.0,119506.0,121344.0,92593.0,97726.0,102080.0,157583.0,96069.0,96702.0,122701.0,239605.0,110465.0,251945.0,290397.0,119421.0,124912.0,96834.0,147743.0,83621.0,88094.0,173579.0,237253.0,104943.0,103870.0,104221.0,200758.0,,107751.0,105471.0,,,126329.0
1997-07-01,120771.0,118751.0,200422.0,302228.0,161766.0,120084.0,121950.0,92872.0,98162.0,102430.0,156575.0,96334.0,97160.0,123091.0,240702.0,110507.0,253177.0,291290.0,119330.0,125516.0,97181.0,148331.0,83968.0,88043.0,173806.0,237532.0,105345.0,104167.0,104208.0,201594.0,,108281.0,105131.0,,,126748.0
1997-08-01,120909.0,119289.0,201472.0,303160.0,162095.0,120721.0,122615.0,93158.0,98689.0,102736.0,156960.0,96557.0,97867.0,123664.0,242011.0,110608.0,253999.0,291860.0,119044.0,126144.0,97564.0,148823.0,84661.0,88271.0,175128.0,237669.0,105798.0,105005.0,104383.0,201783.0,,109140.0,104961.0,,,127235.0
1997-09-01,121078.0,119657.0,202354.0,304211.0,162447.0,121312.0,123207.0,93537.0,98919.0,103117.0,157858.0,96986.0,98671.0,124472.0,242406.0,110577.0,254904.0,292303.0,117894.0,126786.0,97876.0,150113.0,85331.0,88801.0,175755.0,237905.0,106211.0,105752.0,104520.0,201845.0,,109875.0,104458.0,,,127692.0
1997-10-01,121303.0,120162.0,203096.0,305193.0,162675.0,122047.0,123641.0,94005.0,98931.0,103511.0,159433.0,97493.0,99016.0,125318.0,242867.0,110859.0,255429.0,293220.0,117118.0,127305.0,98314.0,151176.0,86036.0,89453.0,176968.0,237589.0,106883.0,106440.0,105124.0,201705.0,,110778.0,104686.0,,,128192.0
1997-11-01,121476.0,120511.0,203130.0,305555.0,162828.0,122575.0,123806.0,94248.0,98913.0,103671.0,160281.0,97867.0,99731.0,125770.0,242500.0,111366.0,255820.0,293869.0,116100.0,127541.0,98759.0,152347.0,86621.0,89879.0,177733.0,237610.0,107825.0,106983.0,105496.0,201920.0,,111691.0,104717.0,,,128548.0
1997-12-01,121647.0,121008.0,202583.0,305321.0,163034.0,123086.0,124005.0,94451.0,99433.0,103921.0,161392.0,98254.0,100665.0,126326.0,241545.0,112280.0,256425.0,294909.0,116201.0,127793.0,99347.0,153056.0,87196.0,90244.0,179534.0,236994.0,108883.0,107992.0,106453.0,202736.0,,112661.0,105874.0,,,129028.0
1998-01-01,121891.0,121597.0,203460.0,306865.0,163539.0,123729.0,124430.0,94822.0,100133.0,104228.0,163054.0,98625.0,101560.0,126849.0,242682.0,113464.0,256986.0,294848.0,115408.0,128372.0,100017.0,154352.0,88006.0,91028.0,181202.0,238532.0,110463.0,108744.0,107003.0,203503.0,,113737.0,106661.0,,,129741.0
1998-02-01,122336.0,122312.0,204648.0,309027.0,164299.0,124422.0,125178.0,95410.0,100970.0,104783.0,165557.0,99085.0,102083.0,127526.0,244122.0,114398.0,258029.0,295806.0,115238.0,129118.0,100697.0,155364.0,88633.0,91671.0,182925.0,240247.0,111822.0,109342.0,107489.0,204722.0,,115043.0,107682.0,,,130521.0
1998-03-01,122798.0,122824.0,206673.0,311822.0,164943.0,125391.0,126034.0,95920.0,101488.0,105312.0,168144.0,99481.0,102560.0,128116.0,246871.0,115242.0,259343.0,296964.0,114878.0,129771.0,101279.0,157541.0,89168.0,92241.0,184452.0,242602.0,113363.0,109570.0,107734.0,205464.0,,116520.0,107977.0,,,131289.0
1998-04-01,123091.0,123130.0,207237.0,313036.0,165215.0,126227.0,126527.0,96116.0,101607.0,105639.0,170179.0,99567.0,102892.0,128603.0,247427.0,115439.0,260401.0,299131.0,114170.0,130167.0,101687.0,159420.0,89412.0,92720.0,186057.0,243233.0,114176.0,109950.0,107770.0,206382.0,,118012.0,108434.0,,,131745.0
1998-05-01,123398.0,123491.0,207997.0,314296.0,165607.0,126961.0,127072.0,96514.0,101947.0,105950.0,170989.0,99604.0,103732.0,129411.0,248371.0,115410.0,261156.0,301175.0,113952.0,130434.0,102171.0,161015.0,89794.0,93193.0,188679.0,243689.0,115936.0,110490.0,108165.0,207195.0,,119452.0,109353.0,,,132287.0
1998-06-01,123834.0,124081.0,208928.0,315352.0,166149.0,127389.0,127412.0,97073.0,102338.0,106320.0,172164.0,99725.0,104451.0,130311.0,248978.0,115338.0,261821.0,303362.0,113322.0,130660.0,102747.0,162214.0,90035.0,93961.0,190352.0,244290.0,117411.0,111364.0,108839.0,207904.0,,120546.0,110846.0,,,132867.0
1998-07-01,124154.0,124486.0,209702.0,316606.0,166571.0,128653.0,127853.0,97413.0,102510.0,106637.0,173966.0,99924.0,104433.0,130999.0,249475.0,115553.0,261580.0,305572.0,113424.0,130778.0,103364.0,162853.0,90201.0,94428.0,192744.0,244643.0,118875.0,111547.0,109568.0,209803.0,,121411.0,113034.0,,,133402.0
1998-08-01,124359.0,124819.0,210223.0,317792.0,166952.0,129321.0,128198.0,97555.0,102656.0,106808.0,174336.0,100280.0,104196.0,131732.0,249735.0,115742.0,262184.0,307522.0,113636.0,130876.0,103660.0,163795.0,90580.0,94751.0,193418.0,245089.0,119656.0,112078.0,110976.0,210966.0,,122109.0,114980.0,,,133815.0
1998-09-01,124521.0,125182.0,210874.0,318904.0,167417.0,130163.0,128668.0,97553.0,102666.0,106940.0,173687.0,100554.0,103889.0,132059.0,250859.0,116032.0,262772.0,309403.0,115509.0,131136.0,103933.0,164287.0,91056.0,94672.0,194706.0,245659.0,120340.0,112875.0,112049.0,212344.0,,122949.0,116910.0,,,134248.0
1998-10-01,125100.0,125841.0,211659.0,320494.0,168456.0,130703.0,129292.0,97924.0,103440.0,107519.0,171823.0,101129.0,104757.0,132766.0,252355.0,116175.0,265082.0,311718.0,117514.0,131574.0,104520.0,165096.0,91578.0,95097.0,195315.0,246683.0,120979.0,114428.0,113387.0,213101.0,,123979.0,118044.0,,,134860.0
1998-11-01,125574.0,126248.0,212687.0,322056.0,169219.0,131665.0,129826.0,98176.0,103845.0,108044.0,171158.0,101459.0,105160.0,133247.0,254152.0,116395.0,266171.0,313577.0,117688.0,132001.0,105150.0,165237.0,91767.0,94968.0,196443.0,247826.0,121535.0,115585.0,113916.0,214009.0,,124799.0,119073.0,,,135385.0
1998-12-01,126071.0,126552.0,213642.0,323906.0,170007.0,132820.0,130460.0,98556.0,104240.0,108576.0,170606.0,101934.0,105736.0,134045.0,255245.0,116284.0,267255.0,315120.0,116934.0,132363.0,105757.0,165627.0,92003.0,94778.0,197080.0,249216.0,122090.0,116183.0,114810.0,215136.0,,125620.0,119669.0,,,135838.0
1999-01-01,126080.0,126417.0,213881.0,324045.0,170126.0,133084.0,130618.0,98597.0,104181.0,108692.0,170871.0,101996.0,105824.0,134356.0,255579.0,116433.0,267472.0,315126.0,115296.0,132232.0,105852.0,165374.0,91556.0,94022.0,197484.0,249524.0,121772.0,116071.0,115088.0,215547.0,,126077.0,119934.0,,,135925.0
1999-02-01,126223.0,126489.0,213944.0,323874.0,170378.0,133612.0,130729.0,98668.0,104369.0,108909.0,171621.0,102240.0,106274.0,134547.0,255448.0,116512.0,268054.0,314952.0,115955.0,132213.0,105953.0,165787.0,91367.0,94046.0,198333.0,249613.0,121374.0,116008.0,115455.0,216142.0,,126572.0,120172.0,,,136069.0
1999-03-01,126192.0,126575.0,213819.0,323570.0,170475.0,133780.0,130472.0,98583.0,104599.0,109068.0,171832.0,102392.0,106405.0,134596.0,255130.0,116819.0,268244.0,314355.0,116687.0,132162.0,106048.0,165447.0,91224.0,94250.0,198878.0,249557.0,120630.0,116056.0,115638.0,216940.0,,127026.0,120534.0,,,136141.0
1999-04-01,126313.0,126831.0,214441.0,324174.0,170932.0,134330.0,130433.0,98683.0,105194.0,109289.0,171400.0,102833.0,106635.0,134944.0,255542.0,117141.0,268823.0,314468.0,117653.0,132532.0,106283.0,165150.0,92026.0,94771.0,199539.0,250103.0,120637.0,116821.0,116210.0,217880.0,,127315.0,120696.0,,,136449.0
1999-05-01,126521.0,127120.0,215154.0,325263.0,171421.0,134899.0,130455.0,98882.0,105529.0,109588.0,171404.0,103313.0,106528.0,135522.0,256063.0,117620.0,270004.0,315149.0,118051.0,133026.0,106530.0,164989.0,92977.0,95138.0,199341.0,251065.0,120165.0,117588.0,117033.0,219111.0,,127607.0,120841.0,,,136806.0
1999-06-01,126834.0,127302.0,215727.0,326228.0,171990.0,135579.0,130685.0,99061.0,105974.0,109861.0,171559.0,103714.0,106854.0,136199.0,256905.0,118140.0,271590.0,316142.0,118699.0,133423.0,106737.0,165130.0,93770.0,95464.0,199643.0,251729.0,120140.0,118270.0,117598.0,219911.0,,127888.0,120972.0,,,137201.0
1999-07-01,127163.0,127585.0,216557.0,327322.0,172430.0,136042.0,131031.0,99327.0,106376.0,110161.0,171818.0,104040.0,107737.0,136826.0,258121.0,118593.0,273686.0,317465.0,119372.0,133658.0,106918.0,166026.0,94389.0,95659.0,199340.0,252971.0,120611.0,118787.0,118124.0,220022.0,,128599.0,120864.0,,,137621.0
1999-08-01,127914.0,128294.0,217267.0,328024.0,173357.0,136905.0,131717.0,99874.0,107422.0,110866.0,173366.0,104623.0,109322.0,137435.0,258757.0,118955.0,276139.0,319591.0,120215.0,134056.0,107665.0,167240.0,94642.0,96337.0,200632.0,254179.0,121222.0,119521.0,118067.0,221296.0,,129122.0,121107.0,,,138236.0
1999-09-01,128664.0,129006.0,217988.0,328643.0,174238.0,137809.0,132289.0,100556.0,108598.0,111709.0,175388.0,105207.0,110601.0,138185.0,259134.0,119293.0,278221.0,321792.0,119281.0,134419.0,108416.0,169076.0,94866.0,97146.0,201399.0,255238.0,121759.0,120007.0,118056.0,223057.0,,129714.0,120927.0,,,138875.0
1999-10-01,128874.0,129174.0,218698.0,328903.0,174541.0,138227.0,132331.0,100740.0,109104.0,111982.0,176781.0,105289.0,111017.0,138527.0,259095.0,119554.0,278559.0,322437.0,118520.0,134513.0,108656.0,169996.0,95040.0,97500.0,201879.0,255928.0,121754.0,119926.0,117741.0,224346.0,,129842.0,120700.0,,,139205.0
1999-11-01,129073.0,129360.0,219580.0,329406.0,174874.0,138734.0,132493.0,100980.0,109482.0,112297.0,177908.0,105373.0,111387.0,138886.0,259908.0,119738.0,279141.0,323511.0,118811.0,134595.0,108598.0,171423.0,95355.0,98144.0,202029.0,256522.0,121951.0,120215.0,118147.0,225310.0,,130319.0,121017.0,,,139584.0
1999-12-01,129217.0,129628.0,220735.0,330208.0,175197.0,138893.0,132482.0,101073.0,109394.0,112549.0,178968.0,105403.0,111761.0,138825.0,261231.0,119969.0,279960.0,324748.0,119799.0,134846.0,108591.0,172320.0,95724.0,98924.0,202753.0,257331.0,122013.0,120685.0,118030.0,225712.0,,130379.0,121289.0,,,139938.0
2000-01-01,129941.0,130496.0,221575.0,331610.0,176200.0,140012.0,133123.0,101499.0,109757.0,113403.0,180408.0,106006.0,112744.0,139329.0,262209.0,120198.0,282206.0,327815.0,122217.0,135615.0,109086.0,174410.0,96195.0,100349.0,204050.0,258162.0,122463.0,121544.0,118370.0,227489.0,,130657.0,122240.0,,,140604.0
2000-02-01,130268.0,130957.0,222371.0,332872.0,176696.0,140428.0,133451.0,101810.0,109753.0,113898.0,180128.0,106295.0,113727.0,139850.0,262926.0,120454.0,283368.0,329899.0,122800.0,136085.0,109772.0,175578.0,96778.0,101111.0,204203.0,258815.0,122977.0,121700.0,118566.0,228105.0,,130795.0,122228.0,,,141074.0
2000-03-01,130691.0,131350.0,222881.0,333566.0,177170.0,141199.0,133968.0,102156.0,110129.0,114329.0,179691.0,106609.0,114812.0,140583.0,263225.0,120727.0,284573.0,331943.0,124346.0,136603.0,110367.0,176494.0,97274.0,101472.0,204678.0,258985.0,123663.0,122104.0,118735.0,228067.0,,131099.0,122332.0,,,141553.0
2000-04-01,131228.0,131777.0,223496.0,334220.0,177595.0,141760.0,134632.0,102661.0,110406.0,114897.0,180157.0,106997.0,115871.0,141089.0,263668.0,121000.0,286195.0,333671.0,124844.0,136935.0,111058.0,177450.0,97468.0,101569.0,205671.0,259413.0,124056.0,121973.0,118958.0,227769.0,,131563.0,122707.0,,,142038.0
2000-05-01,131643.0,132203.0,224109.0,334024.0,177859.0,142409.0,135143.0,102849.0,111077.0,115381.0,181456.0,107322.0,116871.0,141225.0,264088.0,121275.0,287630.0,335028.0,125457.0,137198.0,111608.0,178659.0,97421.0,101807.0,207507.0,259699.0,124404.0,121944.0,119008.0,227933.0,,131987.0,123076.0,,,142465.0
2000-06-01,131758.0,132496.0,224733.0,333992.0,177729.0,142899.0,135474.0,102886.0,111528.0,115654.0,182760.0,107602.0,117687.0,141013.0,264510.0,121510.0,288421.0,335606.0,124970.0,137492.0,111994.0,179346.0,97513.0,101978.0,209197.0,260153.0,124562.0,121684.0,119379.0,228763.0,,132429.0,123151.0,,,142778.0
2000-07-01,131918.0,132873.0,225240.0,333748.0,177799.0,143165.0,135650.0,103014.0,112259.0,115863.0,183335.0,107829.0,118438.0,141109.0,264545.0,121569.0,288820.0,336136.0,125251.0,138091.0,112462.0,179675.0,97717.0,102472.0,210506.0,260269.0,124302.0,121946.0,119818.0,229561.0,,132777.0,123130.0,,,143139.0
2000-08-01,131980.0,133066.0,225685.0,334412.0,177776.0,143608.0,135677.0,103205.0,112372.0,115955.0,183260.0,107947.0,118708.0,141246.0,264842.0,121697.0,288806.0,336083.0,125809.0,138775.0,112733.0,179917.0,98096.0,102571.0,211321.0,260514.0,124106.0,121884.0,120079.0,229591.0,,133284.0,122975.0,,,143438.0
2000-09-01,132278.0,133484.0,226147.0,335248.0,178030.0,144061.0,135881.0,103539.0,112554.0,116151.0,183273.0,108213.0,119409.0,141632.0,265185.0,121703.0,289789.0,337080.0,126886.0,139396.0,113268.0,180710.0,98523.0,102910.0,212874.0,260986.0,124416.0,121957.0,120650.0,229285.0,,133790.0,123923.0,,,143829.0
2000-10-01,132577.0,133953.0,226525.0,335965.0,178145.0,144687.0,136252.0,103970.0,112919.0,116485.0,183945.0,108601.0,119889.0,141949.0,265621.0,121967.0,291218.0,338366.0,127549.0,140028.0,113754.0,181859.0,98912.0,103135.0,214800.0,261495.0,125163.0,122276.0,120860.0,229381.0,,134301.0,124813.0,,,144247.0
2000-11-01,132874.0,134398.0,226662.0,336035.0,178305.0,144938.0,136649.0,104374.0,113596.0,116636.0,184063.0,109128.0,120315.0,142463.0,265514.0,122183.0,293181.0,339756.0,127803.0,140558.0,114308.0,182617.0,99545.0,103351.0,216698.0,261692.0,126096.0,122461.0,121301.0,229822.0,,134847.0,125555.0,,,144681.0
2000-12-01,133191.0,134712.0,226721.0,335921.0,178441.0,145224.0,137140.0,104817.0,114603.0,116812.0,183930.0,109546.0,120411.0,143149.0,265307.0,122514.0,294669.0,340943.0,127565.0,140965.0,114655.0,183860.0,100167.0,103410.0,217933.0,261947.0,126744.0,123061.0,121845.0,230777.0,,135669.0,126095.0,,,145139.0
2001-01-01,133402.0,134783.0,227056.0,335848.0,178516.0,145553.0,137298.0,105129.0,115290.0,116795.0,183542.0,109820.0,120597.0,143752.0,265367.0,122711.0,295532.0,342175.0,126967.0,141130.0,115023.0,184264.0,101146.0,103302.0,219111.0,262218.0,127405.0,123834.0,122528.0,231330.0,,136540.0,126365.0,,,145534.0
2001-02-01,133823.0,135169.0,227589.0,336173.0,178801.0,146143.0,137632.0,105486.0,115962.0,117032.0,184086.0,110149.0,120820.0,144114.0,265724.0,123008.0,296893.0,343997.0,126718.0,141433.0,115174.0,185254.0,101647.0,103544.0,220857.0,262986.0,127724.0,125361.0,123012.0,232503.0,,137109.0,127215.0,,,145957.0
2001-03-01,134241.0,135676.0,228315.0,336818.0,179134.0,146602.0,137995.0,105908.0,116350.0,117391.0,185259.0,110477.0,121304.0,144215.0,266324.0,123210.0,298103.0,345713.0,127091.0,141760.0,115385.0,186761.0,102169.0,104047.0,222252.0,263906.0,128216.0,126428.0,123840.0,233860.0,,137472.0,128387.0,,,146421.0
2001-04-01,134559.0,136210.0,228948.0,337545.0,179384.0,146689.0,138271.0,106152.0,116635.0,117660.0,185716.0,110581.0,121795.0,144268.0,266912.0,123455.0,298813.0,346728.0,127988.0,142131.0,115457.0,188608.0,102365.0,104689.0,223317.0,264770.0,128727.0,127295.0,124357.0,235370.0,,137719.0,129404.0,,,146806.0
2001-05-01,134816.0,136539.0,229293.0,338510.0,179615.0,146636.0,138584.0,106419.0,116813.0,117973.0,185977.0,110609.0,122233.0,144529.0,267090.0,123719.0,298866.0,347404.0,129043.0,142508.0,115644.0,189844.0,102729.0,105214.0,223398.0,265471.0,129539.0,128002.0,124729.0,235862.0,,137962.0,130542.0,,,147183.0
2001-06-01,135126.0,136850.0,229740.0,339243.0,180122.0,146708.0,138874.0,106780.0,116911.0,118430.0,186076.0,110657.0,122448.0,144987.0,267060.0,123965.0,298831.0,348303.0,129813.0,142881.0,116075.0,191443.0,103092.0,105788.0,223785.0,266296.0,130053.0,128511.0,124641.0,235818.0,,138299.0,131354.0,,,147519.0
2001-07-01,135405.0,136988.0,229996.0,340057.0,180688.0,146952.0,139193.0,107069.0,116957.0,118977.0,186057.0,110848.0,122428.0,145392.0,267141.0,124280.0,299141.0,349150.0,130349.0,143148.0,116596.0,192552.0,103524.0,106259.0,224357.0,267169.0,130265.0,128823.0,124597.0,235971.0,,138406.0,132148.0,,,147817.0
2001-08-01,135658.0,137088.0,230482.0,340421.0,181091.0,146995.0,139558.0,107244.0,116954.0,119478.0,185627.0,111027.0,122679.0,145675.0,267825.0,124418.0,299681.0,350541.0,130652.0,143282.0,117068.0,193767.0,103964.0,106966.0,224980.0,267929.0,130194.0,128746.0,124991.0,236533.0,,138675.0,132823.0,,,148085.0
2001-09-01,135791.0,137069.0,230719.0,340732.0,181294.0,147088.0,139935.0,107262.0,116987.0,119805.0,185029.0,111215.0,122807.0,145737.0,268494.0,124620.0,299887.0,350968.0,132346.0,143521.0,117380.0,194146.0,104301.0,107366.0,224944.0,268270.0,129565.0,128560.0,125305.0,237179.0,,138833.0,132856.0,,,148334.0
2001-10-01,136047.0,137271.0,231151.0,341069.0,181673.0,147291.0,140376.0,107344.0,116623.0,120151.0,184811.0,111425.0,123402.0,145782.0,269229.0,124637.0,300113.0,351770.0,133368.0,143798.0,117825.0,195087.0,104662.0,107906.0,225257.0,268758.0,128860.0,128186.0,126027.0,237961.0,,139212.0,133262.0,,,148617.0
2001-11-01,136298.0,137688.0,231771.0,341880.0,182117.0,147756.0,140702.0,107434.0,116137.0,120580.0,185819.0,111642.0,124284.0,145810.0,269784.0,124745.0,300175.0,351947.0,135588.0,144170.0,118304.0,196082.0,104845.0,108285.0,225773.0,269643.0,128137.0,128031.0,126443.0,238793.0,,139408.0,133536.0,,,148890.0
2001-12-01,136500.0,138239.0,232456.0,342290.0,182585.0,148301.0,140939.0,107573.0,115522.0,120982.0,187394.0,111788.0,125449.0,145851.0,270133.0,124647.0,300728.0,352401.0,137832.0,144513.0,119004.0,196657.0,105001.0,108807.0,226963.0,270390.0,127937.0,127547.0,126814.0,239647.0,,139608.0,133895.0,,,149122.0
2002-01-01,136585.0,138807.0,232857.0,342695.0,182927.0,148567.0,141216.0,107811.0,115291.0,121390.0,188369.0,111935.0,126293.0,145835.0,270385.0,124545.0,301257.0,352777.0,140340.0,144876.0,119464.0,197467.0,105040.0,109130.0,227752.0,271025.0,127792.0,126906.0,127143.0,240392.0,,139719.0,134535.0,,,149330.0
2002-02-01,136710.0,139188.0,233139.0,342932.0,183341.0,148922.0,141521.0,108031.0,115377.0,121769.0,189095.0,112046.0,126929.0,146021.0,270928.0,124439.0,301900.0,353179.0,142746.0,145236.0,120044.0,198178.0,105264.0,109240.0,229059.0,271436.0,127835.0,125799.0,127629.0,240921.0,,140006.0,135196.0,,,149614.0
2002-03-01,136859.0,139424.0,233502.0,343713.0,183906.0,149404.0,141826.0,108295.0,115298.0,122229.0,189021.0,112216.0,127201.0,146430.0,271634.0,124402.0,302699.0,354025.0,144164.0,145624.0,120443.0,199074.0,105519.0,109273.0,230391.0,272086.0,127880.0,125106.0,128046.0,241844.0,,140264.0,135917.0,,,149915.0
2002-04-01,137023.0,139579.0,234144.0,344292.0,184531.0,150472.0,142089.0,108611.0,115320.0,122581.0,188927.0,112409.0,127482.0,146940.0,272220.0,124372.0,303448.0,355164.0,145281.0,145972.0,120854.0,199737.0,105850.0,109207.0,231625.0,272740.0,128101.0,125020.0,128505.0,242717.0,,140583.0,136252.0,,,150238.0
2002-05-01,137143.0,139678.0,235014.0,345139.0,185043.0,151466.0,142212.0,109097.0,114852.0,122785.0,187756.0,112740.0,127964.0,147234.0,273118.0,124245.0,304592.0,356150.0,145385.0,146203.0,121086.0,200654.0,106163.0,109062.0,233183.0,273425.0,127954.0,125107.0,128666.0,244163.0,189792.0,141059.0,136292.0,,,150494.0
2002-06-01,137308.0,139867.0,235809.0,345834.0,185319.0,152346.0,142399.0,109455.0,114696.0,122842.0,186736.0,113031.0,128811.0,147438.0,274433.0,124213.0,305985.0,356972.0,146471.0,146316.0,121191.0,201514.0,106516.0,108916.0,234404.0,273799.0,127918.0,125604.0,129362.0,245195.0,190281.0,141626.0,136476.0,129930.0,,150794.0
2002-07-01,137427.0,140076.0,236764.0,346547.0,185298.0,153054.0,142579.0,109770.0,114449.0,122908.0,186993.0,113237.0,129698.0,147561.0,275918.0,124296.0,307291.0,357486.0,147224.0,146293.0,121189.0,202407.0,106782.0,108813.0,235978.0,274337.0,128077.0,126040.0,129779.0,245763.0,190711.0,142419.0,136661.0,128251.0,,151070.0
2002-08-01,137566.0,140479.0,237549.0,346913.0,185490.0,154008.0,142830.0,110028.0,114512.0,123006.0,188618.0,113423.0,130297.0,147768.0,276658.0,124526.0,308388.0,357880.0,148723.0,146322.0,121263.0,203238.0,107035.0,108584.0,237344.0,274660.0,128423.0,127268.0,130202.0,246337.0,192626.0,142952.0,136955.0,127745.0,,151370.0
2002-09-01,137713.0,140911.0,238396.0,347479.0,185732.0,154847.0,143010.0,110285.0,114544.0,123109.0,189676.0,113553.0,130661.0,147980.0,276924.0,124773.0,309538.0,358406.0,148644.0,146397.0,121456.0,204275.0,107357.0,108495.0,239063.0,275097.0,128947.0,128723.0,130415.0,247349.0,195289.0,143497.0,137324.0,126570.0,,151597.0
2002-10-01,137880.0,141285.0,238969.0,348256.0,186183.0,155646.0,143151.0,110410.0,114790.0,123134.0,190506.0,113686.0,130866.0,148405.0,277221.0,125072.0,310833.0,359356.0,149894.0,146445.0,121735.0,205131.0,107716.0,108438.0,240469.0,275459.0,129722.0,129864.0,130594.0,248672.0,197609.0,143831.0,137192.0,126564.0,,151875.0
2002-11-01,138061.0,141530.0,239595.0,349199.0,186606.0,156289.0,143315.0,110536.0,115230.0,123255.0,189915.0,113645.0,130968.0,148871.0,277846.0,125337.0,312030.0,361400.0,148670.0,146416.0,122121.0,206246.0,108005.0,108573.0,242118.0,275850.0,130715.0,130487.0,130647.0,249918.0,199031.0,144150.0,136616.0,126577.0,,152153.0
2002-12-01,138228.0,141667.0,240257.0,350778.0,187084.0,156885.0,143556.0,110660.0,115828.0,123555.0,189677.0,113737.0,131169.0,149398.0,279056.0,125674.0,312984.0,363487.0,148543.0,146359.0,122371.0,207487.0,108245.0,108726.0,243062.0,276735.0,131412.0,130786.0,130701.0,250619.0,199882.0,144486.0,135998.0,126932.0,,152499.0
2003-01-01,138416.0,141779.0,241287.0,352305.0,187532.0,157450.0,143862.0,110805.0,115993.0,123778.0,189503.0,113771.0,131449.0,149704.0,280377.0,126075.0,314232.0,364957.0,147499.0,146478.0,122667.0,208996.0,108387.0,109033.0,244243.0,277590.0,131985.0,131157.0,130606.0,251099.0,201419.0,144812.0,135211.0,127556.0,,152809.0
2003-02-01,138592.0,141925.0,242290.0,353841.0,187954.0,157905.0,144175.0,111001.0,116120.0,123909.0,189795.0,114046.0,131873.0,149900.0,281351.0,126378.0,315433.0,366197.0,147838.0,146671.0,122895.0,210538.0,108730.0,109365.0,244792.0,278579.0,132605.0,131581.0,130871.0,251541.0,203217.0,145438.0,134756.0,127999.0,,153134.0
2003-03-01,138630.0,142181.0,242969.0,354521.0,188076.0,158189.0,144244.0,111101.0,116182.0,123620.0,190005.0,114208.0,132422.0,149969.0,281967.0,126690.0,316326.0,367032.0,147472.0,146723.0,123229.0,211648.0,108980.0,109428.0,245909.0,279173.0,133102.0,131496.0,130922.0,251773.0,204714.0,145920.0,133547.0,129573.0,,153312.0
2003-04-01,138539.0,142318.0,243217.0,355250.0,187987.0,157884.0,144226.0,111216.0,116319.0,123436.0,190896.0,114370.0,132923.0,150082.0,282535.0,126949.0,317031.0,367722.0,148232.0,146687.0,123570.0,211983.0,109267.0,109387.0,246944.0,279619.0,133213.0,130883.0,130865.0,251816.0,204429.0,146364.0,132719.0,131390.0,,153428.0
2003-05-01,138690.0,142825.0,243301.0,355880.0,188307.0,157986.0,144467.0,111352.0,116896.0,123522.0,192397.0,114487.0,133571.0,150385.0,283090.0,127340.0,318213.0,369291.0,150896.0,146835.0,124139.0,212555.0,109404.0,109611.0,248434.0,279897.0,133213.0,130401.0,131477.0,252070.0,203603.0,146454.0,132481.0,134086.0,,153641.0
2003-06-01,139060.0,143436.0,243610.0,356804.0,188923.0,158331.0,144877.0,111663.0,117217.0,123907.0,193783.0,114724.0,133977.0,150807.0,283336.0,127689.0,319648.0,371300.0,152872.0,147235.0,124661.0,213063.0,109516.0,109897.0,249904.0,280199.0,133345.0,130354.0,131548.0,253182.0,202953.0,146497.0,132633.0,135050.0,,153966.0
2003-07-01,139535.0,144266.0,243912.0,357893.0,189848.0,158851.0,145293.0,111968.0,117399.0,124278.0,194135.0,115048.0,134732.0,151061.0,283378.0,127817.0,321478.0,373241.0,154607.0,147668.0,125224.0,214653.0,109684.0,109994.0,251237.0,280171.0,133809.0,130202.0,131959.0,254873.0,204705.0,146414.0,132941.0,136946.0,,154333.0
2003-08-01,139843.0,144793.0,244489.0,359345.0,190434.0,159166.0,145520.0,112195.0,117324.0,124428.0,193547.0,115363.0,135362.0,151351.0,283647.0,127878.0,323359.0,374946.0,154052.0,148023.0,125778.0,216014.0,109844.0,110058.0,252769.0,280748.0,134656.0,129419.0,131992.0,256524.0,205581.0,146488.0,133133.0,137712.0,,154646.0
2003-09-01,139997.0,145124.0,245172.0,360302.0,191012.0,159266.0,145704.0,112408.0,117280.0,124618.0,194085.0,115643.0,136434.0,151586.0,284392.0,127911.0,324696.0,376520.0,155221.0,148256.0,126214.0,217423.0,109940.0,110108.0,254258.0,281519.0,135529.0,128112.0,132138.0,257497.0,204404.0,146527.0,133105.0,140001.0,,154969.0
2003-10-01,140276.0,145379.0,246237.0,361161.0,191590.0,159792.0,146041.0,112853.0,117649.0,124997.0,194544.0,115996.0,137499.0,151879.0,285464.0,128047.0,325952.0,378606.0,155460.0,148669.0,126506.0,218383.0,110048.0,110245.0,255875.0,282729.0,136197.0,127448.0,132337.0,258113.0,202320.0,146889.0,133748.0,140807.0,,155372.0
2003-11-01,140487.0,145475.0,247130.0,361988.0,192054.0,160024.0,146381.0,113365.0,117584.0,125328.0,196079.0,116377.0,138457.0,152024.0,286644.0,128129.0,326922.0,379840.0,157589.0,149114.0,126577.0,219059.0,110143.0,110301.0,256983.0,283827.0,136045.0,127181.0,132652.0,258178.0,200457.0,147154.0,134683.0,143357.0,,155761.0
2003-12-01,140963.0,145783.0,248269.0,363246.0,192693.0,160758.0,146750.0,113924.0,117482.0,125561.0,196973.0,116922.0,139135.0,152048.0,287773.0,128267.0,328649.0,381874.0,158455.0,149726.0,126703.0,220603.0,110302.0,110411.0,258846.0,284919.0,136002.0,127891.0,133230.0,259005.0,200693.0,147433.0,136234.0,145082.0,,156193.0
2004-01-01,141333.0,146101.0,249334.0,364747.0,193219.0,161416.0,146974.0,114281.0,117794.0,125749.0,198497.0,117426.0,139835.0,152397.0,288935.0,128326.0,329983.0,384024.0,160561.0,150047.0,127061.0,221782.0,110464.0,110590.0,260906.0,286392.0,135779.0,128682.0,134037.0,259999.0,200144.0,147645.0,137358.0,146695.0,,156610.0
2004-02-01,141745.0,146598.0,250742.0,366602.0,193888.0,162393.0,147151.0,114581.0,118110.0,126088.0,199622.0,117776.0,140603.0,152781.0,290535.0,128496.0,331448.0,386491.0,161003.0,150283.0,127512.0,223436.0,110454.0,110993.0,263270.0,288020.0,135851.0,130089.0,134297.0,261603.0,199928.0,147492.0,138099.0,148960.0,,157030.0
2004-03-01,142160.0,146952.0,252066.0,368487.0,194576.0,163274.0,147503.0,114835.0,118588.0,126672.0,201445.0,118087.0,141274.0,153270.0,292114.0,128747.0,332717.0,388405.0,162247.0,150454.0,128138.0,224687.0,110565.0,111646.0,265088.0,289517.0,135881.0,131281.0,134771.0,263014.0,200236.0,147528.0,139253.0,149822.0,,157527.0
2004-04-01,142760.0,147590.0,253462.0,370454.0,195606.0,164705.0,148090.0,115136.0,118907.0,127289.0,203548.0,118492.0,142140.0,153648.0,293670.0,129057.0,334352.0,391081.0,163196.0,150861.0,128939.0,227341.0,110791.0,112506.0,267137.0,291073.0,136089.0,132461.0,135463.0,264546.0,203387.0,147557.0,140685.0,150931.0,61091.0,158161.0
2004-05-01,143173.0,148063.0,254799.0,371603.0,196267.0,165719.0,148589.0,115324.0,119121.0,127761.0,205962.0,118837.0,142515.0,153972.0,294852.0,129235.0,335521.0,393438.0,163622.0,151182.0,129659.0,229588.0,111107.0,112983.0,269109.0,292551.0,136475.0,133101.0,135837.0,265700.0,205853.0,147913.0,141614.0,150216.0,61462.0,158750.0
2004-06-01,143173.0,148217.0,256092.0,372985.0,196567.0,166216.0,148771.0,115318.0,119478.0,127913.0,207925.0,119007.0,142818.0,154247.0,296351.0,129330.0,336063.0,395281.0,163465.0,151236.0,130253.0,231745.0,111281.0,113008.0,270997.0,294591.0,136929.0,132583.0,136446.0,266905.0,207913.0,148067.0,142190.0,152468.0,61488.0,159198.0
2004-07-01,142963.0,147970.0,257496.0,373876.0,196606.0,166110.0,148639.0,115278.0,120038.0,127889.0,209406.0,119001.0,142609.0,154542.0,298098.0,129549.0,335702.0,396962.0,162396.0,151232.0,130643.0,232812.0,111401.0,113114.0,272814.0,296999.0,137414.0,131828.0,136610.0,267597.0,206865.0,148262.0,142088.0,155468.0,62096.0,159536.0
2004-08-01,142975.0,147856.0,258984.0,375372.0,196955.0,166080.0,148580.0,115366.0,120694.0,128036.0,211133.0,119068.0,143092.0,154748.0,300372.0,129876.0,335322.0,398889.0,163110.0,151282.0,131007.0,233996.0,111638.0,113415.0,274582.0,299557.0,137542.0,131214.0,137204.0,268632.0,205800.0,148447.0,142032.0,159651.0,62880.0,159966.0
2004-09-01,143172.0,147887.0,261133.0,377846.0,197323.0,166304.0,148534.0,115528.0,121103.0,128184.0,212470.0,119096.0,143380.0,155049.0,303277.0,130294.0,335755.0,401575.0,161411.0,151403.0,131407.0,235115.0,111988.0,113685.0,276250.0,302852.0,137542.0,131463.0,137681.0,269525.0,206333.0,148813.0,141783.0,161533.0,64153.0,160453.0
2004-10-01,143515.0,148407.0,263491.0,381133.0,197884.0,166612.0,148764.0,115805.0,121389.0,128538.0,214200.0,119350.0,143976.0,155487.0,306233.0,130657.0,337194.0,403831.0,159939.0,151501.0,132222.0,237156.0,112272.0,114099.0,278436.0,306022.0,137548.0,132062.0,138050.0,271370.0,208579.0,149072.0,141802.0,164475.0,65328.0,161021.0
2004-11-01,144113.0,149307.0,265916.0,384617.0,198852.0,167604.0,149247.0,116245.0,122177.0,129034.0,215364.0,119858.0,144867.0,156220.0,308952.0,131197.0,339677.0,406617.0,157573.0,151790.0,133443.0,239919.0,112566.0,114680.0,280958.0,309057.0,138044.0,132627.0,138277.0,274106.0,213733.0,149504.0,142244.0,164679.0,66489.0,161726.0
2004-12-01,144560.0,150286.0,267758.0,387338.0,199706.0,168481.0,149861.0,116731.0,123208.0,129626.0,216733.0,120296.0,146180.0,157087.0,311161.0,131779.0,341335.0,408645.0,156848.0,152105.0,134854.0,242043.0,112851.0,115419.0,283266.0,311237.0,138791.0,132665.0,138419.0,276617.0,217040.0,149826.0,142746.0,165677.0,67682.0,162448.0
2005-01-01,145288.0,151327.0,269035.0,389456.0,200940.0,169798.0,150717.0,117476.0,123904.0,130383.0,217873.0,120834.0,147599.0,157872.0,312777.0,132645.0,343623.0,411714.0,155475.0,152765.0,136072.0,244424.0,113294.0,116145.0,285335.0,312730.0,139744.0,132579.0,138674.0,279494.0,220495.0,150312.0,143405.0,166412.0,69000.0,163320.0
2005-02-01,145911.0,152266.0,269928.0,391258.0,202037.0,170961.0,151681.0,118307.0,124600.0,131147.0,219261.0,121402.0,149086.0,158757.0,314030.0,133391.0,345868.0,415181.0,155155.0,153549.0,137229.0,246341.0,113821.0,116606.0,287701.0,313884.0,140479.0,132232.0,139339.0,282172.0,222660.0,150908.0,144141.0,167407.0,70182.0,164200.0
2005-03-01,146689.0,153225.0,271377.0,393585.0,203313.0,172133.0,152583.0,119223.0,125473.0,131897.0,220590.0,122086.0,150783.0,159461.0,315606.0,134038.0,348945.0,419603.0,155067.0,154510.0,138189.0,248945.0,114280.0,117157.0,290433.0,315777.0,140802.0,132541.0,139834.0,284856.0,223923.0,151507.0,144577.0,168558.0,70893.0,165123.0
2005-04-01,147263.0,153941.0,273434.0,396304.0,204237.0,172999.0,153230.0,119968.0,126506.0,132490.0,220952.0,122679.0,152312.0,160143.0,317788.0,134609.0,351340.0,423067.0,154825.0,155297.0,138789.0,250526.0,114668.0,117222.0,292814.0,318099.0,141190.0,133367.0,140263.0,287119.0,223680.0,152058.0,144662.0,169678.0,71597.0,165946.0
2005-05-01,147833.0,154510.0,275526.0,399404.0,205138.0,173881.0,153715.0,120587.0,127468.0,132887.0,221692.0,123204.0,153973.0,160695.0,320160.0,135382.0,353673.0,425921.0,153619.0,155974.0,139264.0,252101.0,115115.0,117625.0,294320.0,320578.0,141640.0,134372.0,140485.0,288502.0,225179.0,152637.0,144472.0,172591.0,72504.0,166763.0
2005-06-01,148714.0,155421.0,277822.0,402598.0,206483.0,175354.0,154465.0,121383.0,128423.0,133689.0,222898.0,123924.0,155894.0,161384.0,322764.0,136115.0,357074.0,429619.0,153974.0,156803.0,140143.0,254389.0,115761.0,118761.0,296240.0,323027.0,142177.0,136057.0,140791.0,289631.0,227788.0,153405.0,144812.0,176193.0,74326.0,167714.0
2005-07-01,149983.0,156779.0,279887.0,406284.0,208136.0,177601.0,155825.0,122385.0,129444.0,134852.0,225741.0,124945.0,158026.0,162373.0,325264.0,136931.0,362058.0,434658.0,156112.0,157855.0,141398.0,258100.0,116385.0,120215.0,298641.0,325430.0,142489.0,138586.0,141531.0,291644.0,230661.0,154138.0,146004.0,179035.0,76102.0,168862.0
2005-08-01,151137.0,158226.0,282466.0,410443.0,209763.0,179964.0,157250.0,123542.0,130793.0,136101.0,228618.0,125911.0,159697.0,163516.0,328263.0,137712.0,366778.0,440001.0,158701.0,158962.0,142736.0,262352.0,116861.0,121630.0,301972.0,328358.0,142798.0,141417.0,142178.0,293833.0,233521.0,154765.0,147626.0,182692.0,77756.0,170002.0
2005-09-01,152562.0,160016.0,284035.0,414174.0,211745.0,182817.0,158999.0,124980.0,132668.0,137454.0,232201.0,127113.0,161504.0,164927.0,330278.0,138492.0,371787.0,445575.0,162391.0,160456.0,144315.0,267120.0,117283.0,123093.0,306676.0,330396.0,143293.0,143899.0,143355.0,297613.0,235237.0,155364.0,149961.0,185510.0,78988.0,171284.0
2005-10-01,153505.0,161146.0,285662.0,417656.0,213261.0,185173.0,160135.0,126069.0,134040.0,138311.0,235108.0,127794.0,163124.0,166001.0,332192.0,139258.0,375399.0,450138.0,165298.0,161783.0,145411.0,270771.0,117671.0,124314.0,311184.0,332571.0,143831.0,145244.0,144707.0,300033.0,237882.0,155775.0,151637.0,186522.0,80409.0,172386.0
2005-11-01,154304.0,162110.0,287695.0,421022.0,214499.0,187168.0,161018.0,126823.0,135197.0,139120.0,237661.0,128402.0,164551.0,166881.0,334465.0,139896.0,378736.0,454523.0,169110.0,163050.0,146286.0,273299.0,118345.0,125148.0,315120.0,335304.0,144620.0,146783.0,146438.0,302002.0,236457.0,156336.0,153074.0,187648.0,82253.0,173486.0
2005-12-01,154770.0,162574.0,290314.0,424406.0,215326.0,188570.0,161534.0,127206.0,135728.0,139617.0,239662.0,128731.0,165452.0,167398.0,337208.0,140587.0,381631.0,458050.0,171394.0,163908.0,146790.0,275456.0,118666.0,125528.0,317965.0,338661.0,145162.0,147885.0,147603.0,303071.0,233864.0,156532.0,153444.0,190536.0,84249.0,174415.0
2006-01-01,155118.0,163119.0,293828.0,428592.0,216080.0,189661.0,161975.0,127427.0,136580.0,140079.0,241987.0,129095.0,166122.0,167884.0,340899.0,141166.0,384500.0,461595.0,175032.0,164739.0,147363.0,277584.0,119297.0,125813.0,320549.0,342955.0,145477.0,148832.0,148445.0,304028.0,229786.0,157200.0,153988.0,194839.0,86026.0,175329.0
2006-02-01,155723.0,163816.0,297118.0,432738.0,217109.0,190810.0,162578.0,127804.0,137185.0,140535.0,244805.0,129543.0,166596.0,168446.0,344232.0,141705.0,387895.0,465365.0,178154.0,165561.0,148033.0,280481.0,119758.0,126571.0,323406.0,346888.0,145788.0,149443.0,149171.0,305248.0,226021.0,157754.0,154664.0,198988.0,87457.0,176253.0
2006-03-01,156266.0,164620.0,300624.0,437581.0,218194.0,192042.0,163378.0,128148.0,137624.0,141134.0,247687.0,129983.0,167058.0,169219.0,348296.0,142097.0,390896.0,469464.0,181461.0,166374.0,148852.0,283468.0,120355.0,127339.0,326130.0,350945.0,146698.0,150256.0,149875.0,307204.0,223777.0,158415.0,155607.0,203076.0,89260.0,177202.0
2006-04-01,156842.0,165371.0,303780.0,441997.0,219351.0,193098.0,164172.0,128548.0,137845.0,141842.0,250645.0,130401.0,167418.0,170045.0,352323.0,142498.0,394424.0,473490.0,183634.0,166968.0,149863.0,286464.0,120796.0,128785.0,328799.0,354956.0,147998.0,150684.0,150328.0,309635.0,222892.0,159007.0,156271.0,206433.0,91147.0,178138.0
2006-05-01,157407.0,166212.0,307945.0,448014.0,220690.0,194240.0,165095.0,129103.0,138316.0,142761.0,252912.0,130995.0,168089.0,171029.0,357549.0,142827.0,398333.0,477986.0,185377.0,167671.0,151093.0,290377.0,121026.0,130055.0,332208.0,360570.0,149410.0,151113.0,150716.0,313487.0,223376.0,159404.0,157295.0,209199.0,93085.0,179095.0
2006-06-01,158099.0,167240.0,311526.0,453561.0,222034.0,195595.0,166043.0,129879.0,139072.0,143414.0,255476.0,131779.0,168863.0,172016.0,361786.0,143386.0,401814.0,482783.0,186526.0,168603.0,152166.0,294172.0,121492.0,130989.0,336549.0,365600.0,150545.0,151882.0,151599.0,317257.0,225675.0,160243.0,158274.0,209642.0,94742.0,180148.0
2006-07-01,158664.0,168207.0,316097.0,460112.0,223518.0,197076.0,166799.0,130696.0,139770.0,143991.0,257059.0,132474.0,170301.0,172950.0,366643.0,143891.0,404372.0,487590.0,186948.0,169645.0,153391.0,296990.0,121839.0,131761.0,341717.0,371263.0,151475.0,152495.0,152239.0,320943.0,229634.0,160949.0,158978.0,210843.0,95785.0,181250.0
2006-08-01,159227.0,169047.0,319165.0,464395.0,224874.0,198678.0,167438.0,131362.0,140192.0,144491.0,258576.0,133076.0,172002.0,173665.0,369505.0,144587.0,407381.0,491958.0,188035.0,170609.0,154494.0,298909.0,122559.0,132233.0,345824.0,374545.0,152287.0,153139.0,152844.0,323865.0,232108.0,162113.0,159117.0,210910.0,96807.0,182412.0
2006-09-01,159508.0,169650.0,323382.0,468881.0,226061.0,199796.0,167894.0,131732.0,140294.0,145079.0,259834.0,133506.0,173762.0,174058.0,373521.0,145231.0,410222.0,495707.0,189249.0,171048.0,155501.0,300402.0,123232.0,133039.0,347857.0,378829.0,153121.0,153419.0,152820.0,325647.0,233608.0,163166.0,158770.0,212497.0,97508.0,183457.0
2006-10-01,160149.0,170698.0,326542.0,472268.0,227535.0,201102.0,168811.0,132307.0,141020.0,146025.0,262159.0,134351.0,175618.0,174655.0,377002.0,145759.0,413941.0,500491.0,191268.0,171638.0,156663.0,302816.0,124009.0,133759.0,349496.0,382182.0,153904.0,154079.0,152667.0,327879.0,232327.0,164337.0,158628.0,215190.0,98551.0,184543.0
2006-11-01,160707.0,171659.0,329755.0,476299.0,229014.0,202318.0,169763.0,132919.0,141709.0,146834.0,265392.0,135030.0,177101.0,175315.0,380760.0,146229.0,416765.0,505275.0,192028.0,172283.0,157850.0,306179.0,124424.0,135114.0,352125.0,385601.0,154492.0,154380.0,152478.0,330222.0,234054.0,165158.0,158595.0,219032.0,98841.0,185534.0
2006-12-01,161393.0,172617.0,332084.0,479999.0,230631.0,203456.0,170664.0,133649.0,142509.0,147673.0,268761.0,135766.0,178597.0,176260.0,383490.0,146848.0,420221.0,510081.0,192802.0,173170.0,158985.0,309306.0,125443.0,136390.0,355796.0,388213.0,155352.0,154794.0,152988.0,333374.0,237385.0,166662.0,159148.0,220724.0,98953.0,186550.0
2007-01-01,161769.0,173096.0,334385.0,483728.0,231650.0,204092.0,171171.0,134139.0,142883.0,148161.0,271368.0,136107.0,180064.0,176919.0,386220.0,147124.0,422584.0,512878.0,192906.0,173700.0,160010.0,312105.0,125752.0,137446.0,358824.0,390892.0,156559.0,155358.0,153452.0,335867.0,242599.0,167164.0,159743.0,221493.0,99262.0,187290.0
2007-02-01,161845.0,173346.0,336516.0,486719.0,232307.0,204682.0,171196.0,134286.0,143398.0,148392.0,273091.0,136233.0,181649.0,177309.0,388861.0,147367.0,424178.0,514344.0,192951.0,173891.0,160528.0,313500.0,126311.0,137932.0,360323.0,393721.0,157584.0,155839.0,153713.0,337442.0,247154.0,168037.0,159850.0,221840.0,100925.0,187821.0
2007-03-01,161985.0,173735.0,338268.0,489029.0,232985.0,205402.0,171193.0,134506.0,143993.0,148591.0,274978.0,136329.0,183207.0,177721.0,390858.0,147398.0,426153.0,515999.0,192824.0,174275.0,161051.0,315170.0,126890.0,138276.0,362124.0,396285.0,158417.0,155949.0,154212.0,338959.0,250632.0,168851.0,160219.0,223104.0,103597.0,188301.0
2007-04-01,162168.0,174197.0,339521.0,490885.0,233756.0,206559.0,171294.0,134809.0,144599.0,148779.0,277247.0,136476.0,184376.0,178210.0,391760.0,147630.0,428335.0,518255.0,193411.0,174865.0,161371.0,317660.0,127723.0,138386.0,364537.0,398000.0,158860.0,155862.0,154916.0,340993.0,252815.0,170038.0,160957.0,223897.0,106080.0,188832.0
2007-05-01,162675.0,174933.0,340496.0,492481.0,234906.0,207918.0,171869.0,135354.0,145176.0,149273.0,280142.0,136767.0,185883.0,178977.0,392487.0,147927.0,431224.0,521743.0,195110.0,175733.0,162089.0,319874.0,128874.0,138643.0,367648.0,399038.0,159273.0,156189.0,156320.0,343766.0,254314.0,171436.0,162029.0,225158.0,107852.0,189587.0
2007-06-01,163030.0,175398.0,341735.0,494449.0,236058.0,209198.0,172467.0,135753.0,145590.0,149882.0,282737.0,136831.0,187398.0,179514.0,393772.0,148132.0,434287.0,524906.0,196439.0,176398.0,162973.0,321963.0,129434.0,139015.0,369150.0,400254.0,159583.0,156458.0,156923.0,346571.0,255308.0,172068.0,162820.0,227431.0,109275.0,190264.0
2007-07-01,163557.0,176201.0,341957.0,495579.0,237414.0,210446.0,173391.0,136280.0,146361.0,150703.0,285618.0,137080.0,188788.0,180166.0,394191.0,148087.0,438344.0,527780.0,197331.0,177210.0,163922.0,323983.0,130438.0,139612.0,369741.0,400848.0,160088.0,156687.0,158223.0,349241.0,256192.0,173249.0,164026.0,230633.0,110983.0,190958.0
2007-08-01,163750.0,176838.0,342564.0,497098.0,238252.0,210948.0,174036.0,136529.0,146743.0,151278.0,288253.0,137128.0,189738.0,180642.0,395204.0,147604.0,440851.0,529658.0,195390.0,177746.0,164398.0,326231.0,130825.0,140259.0,369759.0,402426.0,160962.0,156634.0,159153.0,350884.0,258041.0,173630.0,165505.0,234158.0,112205.0,191328.0
2007-09-01,163552.0,177031.0,341696.0,496893.0,238328.0,210764.0,174203.0,136422.0,146720.0,151322.0,289185.0,136946.0,190024.0,181035.0,394567.0,147213.0,441564.0,529654.0,192349.0,177948.0,164237.0,327481.0,131121.0,140337.0,370386.0,401781.0,161510.0,156220.0,159938.0,351806.0,258873.0,173905.0,166612.0,236829.0,112735.0,191382.0
2007-10-01,162699.0,176319.0,341117.0,496462.0,237378.0,209583.0,173483.0,135730.0,145742.0,150585.0,288617.0,136057.0,189449.0,180888.0,393937.0,147067.0,439828.0,527814.0,188440.0,177694.0,163461.0,327563.0,131267.0,139732.0,369736.0,401210.0,162068.0,155520.0,160358.0,351772.0,259518.0,173955.0,167145.0,237496.0,112845.0,191096.0
2007-11-01,162030.0,175708.0,339163.0,494675.0,236670.0,208795.0,172896.0,135238.0,144987.0,150019.0,287718.0,135318.0,189419.0,180653.0,391742.0,146783.0,439273.0,526038.0,187058.0,177315.0,162946.0,327328.0,131655.0,138699.0,369199.0,399115.0,162036.0,154588.0,160486.0,351842.0,259323.0,174272.0,167182.0,236792.0,113511.0,190704.0
2007-12-01,161619.0,175600.0,338011.0,494280.0,236240.0,208685.0,172760.0,135030.0,144544.0,149714.0,288192.0,134846.0,190024.0,180526.0,390627.0,145907.0,439377.0,525806.0,186417.0,177333.0,163034.0,328266.0,131983.0,138121.0,368673.0,398609.0,161126.0,154126.0,160856.0,352130.0,261523.0,174596.0,167381.0,237555.0,114179.0,190445.0
2008-01-01,161144.0,175539.0,336346.0,492266.0,235779.0,208707.0,172657.0,134895.0,144234.0,149501.0,287852.0,134505.0,190814.0,180409.0,388569.0,145010.0,439404.0,525987.0,184915.0,177250.0,163242.0,328683.0,132443.0,137799.0,368863.0,397111.0,159922.0,153210.0,161062.0,352112.0,263448.0,175146.0,167006.0,237776.0,114928.0,190103.0
2008-02-01,160603.0,175302.0,335500.0,491190.0,235098.0,208296.0,172622.0,134773.0,143893.0,149350.0,287265.0,134185.0,191510.0,180471.0,386926.0,144617.0,439355.0,526161.0,183029.0,177391.0,163670.0,329320.0,132603.0,137809.0,369078.0,396129.0,159111.0,152360.0,161253.0,352466.0,266160.0,175307.0,166776.0,237742.0,115346.0,189926.0
2008-03-01,160199.0,174993.0,334414.0,489501.0,234580.0,208166.0,172599.0,134740.0,143874.0,149237.0,286697.0,133970.0,192540.0,180429.0,384811.0,144647.0,439409.0,525965.0,181373.0,177222.0,164341.0,329514.0,132518.0,137959.0,369711.0,394627.0,159103.0,151585.0,161154.0,352371.0,268028.0,175269.0,166677.0,237156.0,115322.0,189795.0
2008-04-01,160455.0,175426.0,333525.0,489285.0,235141.0,208705.0,173248.0,135207.0,144417.0,149777.0,287434.0,134347.0,194902.0,180655.0,383502.0,144783.0,440992.0,527388.0,181417.0,177541.0,165945.0,330282.0,132367.0,138378.0,371031.0,393735.0,159134.0,151934.0,161449.0,352796.0,270499.0,175069.0,167171.0,238975.0,115349.0,190027.0
2008-05-01,160381.0,175532.0,331925.0,487701.0,235234.0,209025.0,173222.0,135332.0,144236.0,149901.0,287522.0,134490.0,196312.0,180306.0,381518.0,144201.0,440978.0,527361.0,180345.0,177455.0,166945.0,330444.0,132132.0,138485.0,371914.0,391728.0,159008.0,152187.0,161317.0,352035.0,271345.0,174744.0,167440.0,240716.0,115061.0,189875.0
2008-06-01,159801.0,175079.0,330001.0,485442.0,234673.0,208261.0,172749.0,134974.0,143597.0,149690.0,286901.0,134275.0,196886.0,179870.0,379257.0,143685.0,439560.0,525651.0,178783.0,177037.0,166983.0,329575.0,132103.0,138115.0,372189.0,389200.0,159273.0,151919.0,161464.0,350606.0,269556.0,174510.0,167381.0,241884.0,114645.0,189419.0
2008-07-01,158729.0,173853.0,327990.0,482382.0,233116.0,206725.0,171524.0,134009.0,142234.0,148898.0,285921.0,133562.0,196648.0,179152.0,376663.0,143237.0,436222.0,522576.0,176633.0,175899.0,165804.0,328566.0,131893.0,137193.0,371628.0,386082.0,159386.0,150898.0,160684.0,348291.0,267278.0,173959.0,166363.0,239278.0,114154.0,188568.0
2008-08-01,157624.0,172563.0,326078.0,479704.0,231775.0,205415.0,170601.0,133214.0,141283.0,148273.0,284764.0,132821.0,196494.0,178471.0,373911.0,142914.0,434161.0,520760.0,175816.0,174811.0,165349.0,327458.0,131911.0,136597.0,371314.0,382904.0,158908.0,148990.0,159891.0,346950.0,264805.0,173717.0,164790.0,236245.0,113886.0,187777.0
2008-09-01,156730.0,171574.0,324658.0,478032.0,230540.0,204482.0,169841.0,132554.0,140290.0,147776.0,283730.0,132114.0,196296.0,177693.0,371631.0,142060.0,432434.0,520132.0,175657.0,174178.0,165338.0,326453.0,131990.0,135868.0,370414.0,380927.0,157583.0,147411.0,159375.0,345886.0,264495.0,173598.0,163479.0,232366.0,113902.0,187010.0
2008-10-01,156110.0,171248.0,323608.0,476767.0,230163.0,204491.0,169859.0,132391.0,140037.0,147929.0,282845.0,131762.0,196233.0,177278.0,369472.0,140820.0,433524.0,520997.0,175842.0,173945.0,165793.0,325930.0,132094.0,135975.0,370666.0,379367.0,156594.0,146256.0,159146.0,345799.0,264938.0,173717.0,162702.0,231651.0,113659.0,186495.0
2008-11-01,155148.0,170565.0,323637.0,475904.0,228929.0,203496.0,169454.0,131641.0,139245.0,147543.0,281294.0,131194.0,195552.0,176938.0,368483.0,140122.0,432939.0,519738.0,173039.0,173453.0,165202.0,324111.0,132072.0,135709.0,368927.0,379300.0,156351.0,145363.0,158979.0,344857.0,264243.0,173678.0,161998.0,230724.0,113475.0,185873.0
2008-12-01,154007.0,169663.0,323571.0,473884.0,227643.0,202481.0,168785.0,130759.0,138729.0,147037.0,279807.0,130556.0,195059.0,176118.0,367498.0,139631.0,432005.0,517623.0,170663.0,172575.0,164977.0,322466.0,131838.0,135420.0,366910.0,378151.0,157619.0,144427.0,158211.0,343193.0,261827.0,173327.0,160539.0,229642.0,113412.0,185095.0
2009-01-01,153153.0,168960.0,322585.0,472541.0,226867.0,201929.0,168297.0,130051.0,138179.0,146628.0,279812.0,130015.0,194896.0,175405.0,366024.0,139203.0,431135.0,515811.0,169392.0,171866.0,164851.0,321323.0,131592.0,135067.0,365341.0,376572.0,158481.0,144095.0,157765.0,342440.0,259686.0,172994.0,159488.0,229593.0,113152.0,184461.0
2009-02-01,152624.0,168683.0,320862.0,470501.0,226661.0,202076.0,168149.0,129740.0,138030.0,146511.0,280578.0,129744.0,194884.0,174592.0,364279.0,137957.0,430581.0,515049.0,169116.0,171398.0,165381.0,321325.0,131442.0,134300.0,365271.0,374227.0,159574.0,144578.0,157640.0,341977.0,257773.0,172674.0,159143.0,230080.0,112674.0,183882.0
2009-03-01,151686.0,168024.0,318546.0,467836.0,225882.0,201293.0,167790.0,129183.0,136891.0,146163.0,279154.0,129164.0,193741.0,173964.0,361956.0,136621.0,427669.0,512283.0,166896.0,170800.0,164537.0,319847.0,131215.0,133309.0,363717.0,371668.0,159516.0,144362.0,157474.0,340940.0,255836.0,172246.0,158748.0,228669.0,112094.0,183162.0
2009-04-01,149942.0,166488.0,316226.0,463739.0,223557.0,198815.0,166471.0,127819.0,134720.0,144895.0,275555.0,127867.0,191547.0,172959.0,359387.0,135018.0,422452.0,507008.0,162238.0,169541.0,162754.0,316437.0,130857.0,131789.0,360003.0,368608.0,159909.0,142482.0,156695.0,338480.0,252719.0,171492.0,157367.0,224587.0,111806.0,181854.0
2009-05-01,148298.0,165150.0,314161.0,460305.0,221441.0,196660.0,165378.0,126654.0,133311.0,143723.0,272085.0,126581.0,190118.0,172256.0,356332.0,133973.0,418182.0,502038.0,158868.0,168423.0,161205.0,313350.0,130226.0,130753.0,356039.0,365709.0,159749.0,139721.0,155724.0,336049.0,250978.0,170594.0,155875.0,219866.0,111830.0,180696.0
2009-06-01,147334.0,164605.0,312907.0,458013.0,220035.0,195645.0,164669.0,125975.0,132413.0,142937.0,269508.0,125739.0,189507.0,172078.0,354071.0,132957.0,415774.0,499453.0,156595.0,167667.0,160650.0,311391.0,129573.0,129981.0,353930.0,363712.0,159545.0,136935.0,154620.0,335055.0,250897.0,169821.0,154766.0,215803.0,112031.0,179827.0
2009-07-01,146532.0,164182.0,312713.0,456827.0,219100.0,195421.0,164321.0,125576.0,132132.0,142288.0,267137.0,125017.0,189105.0,171622.0,353350.0,131952.0,413538.0,497325.0,155584.0,167275.0,160947.0,309926.0,128767.0,129288.0,352538.0,363382.0,158778.0,134772.0,153830.0,333822.0,250056.0,168934.0,154509.0,213554.0,112017.0,179136.0
2009-08-01,146221.0,163893.0,312335.0,455689.0,218639.0,195355.0,163978.0,125152.0,131655.0,141578.0,265131.0,124683.0,188720.0,171417.0,353131.0,131309.0,411452.0,494402.0,154620.0,167272.0,160999.0,308188.0,128021.0,128205.0,351235.0,363530.0,158725.0,134086.0,153414.0,332760.0,249250.0,168163.0,154580.0,211812.0,111767.0,178599.0
2009-09-01,145940.0,163454.0,311742.0,454501.0,218713.0,195663.0,163878.0,124919.0,131693.0,141138.0,264479.0,124588.0,189015.0,171229.0,352696.0,130953.0,410622.0,491974.0,154393.0,167156.0,160947.0,307751.0,127385.0,127606.0,349906.0,363382.0,160182.0,134254.0,153063.0,332282.0,248159.0,167402.0,154978.0,211500.0,111304.0,178290.0
2009-10-01,146115.0,163306.0,310706.0,453418.0,219091.0,196224.0,163814.0,125041.0,131632.0,140829.0,264513.0,124948.0,190259.0,171389.0,351954.0,131034.0,409311.0,490122.0,155036.0,167089.0,161300.0,307560.0,126964.0,127227.0,348855.0,362825.0,161195.0,134594.0,153037.0,332257.0,248378.0,166853.0,155283.0,210688.0,110936.0,178182.0
2009-11-01,146143.0,163292.0,308990.0,451706.0,219786.0,197272.0,163778.0,125504.0,131803.0,140863.0,264747.0,125221.0,191496.0,171231.0,350293.0,130266.0,407974.0,490021.0,157364.0,166838.0,162077.0,308762.0,126612.0,127228.0,348523.0,360789.0,161758.0,134819.0,153045.0,332648.0,250195.0,166415.0,155972.0,210870.0,110637.0,178015.0
2009-12-01,146210.0,163191.0,307467.0,450259.0,220118.0,197748.0,163658.0,125809.0,131302.0,140794.0,263199.0,125208.0,191602.0,171421.0,348551.0,129498.0,405523.0,489429.0,157655.0,166449.0,161617.0,308287.0,126229.0,127003.0,349064.0,359391.0,160864.0,134642.0,153188.0,332734.0,252037.0,165923.0,157258.0,210448.0,110464.0,177815.0
2010-01-01,146421.0,163420.0,305954.0,448586.0,220575.0,198150.0,163806.0,125889.0,130780.0,141062.0,261866.0,125457.0,191144.0,171825.0,346303.0,128794.0,404514.0,489930.0,155484.0,166183.0,161131.0,308438.0,125941.0,127070.0,349337.0,357359.0,160877.0,134252.0,153197.0,332602.0,254000.0,165478.0,158641.0,209943.0,110962.0,177792.0
2010-02-01,146330.0,163235.0,305721.0,448175.0,220399.0,197896.0,163684.0,125587.0,129904.0,141082.0,259856.0,125384.0,190487.0,172179.0,345313.0,128716.0,403574.0,489946.0,151912.0,165712.0,160176.0,307546.0,125736.0,127302.0,349080.0,356886.0,159889.0,132995.0,152837.0,332307.0,254789.0,165111.0,159171.0,208854.0,111492.0,177716.0
2010-03-01,146198.0,163074.0,305480.0,447942.0,219973.0,197833.0,163462.0,125142.0,129377.0,141020.0,259348.0,125353.0,190236.0,171988.0,344720.0,128737.0,403839.0,490270.0,150984.0,165499.0,160427.0,307541.0,125720.0,127404.0,348356.0,356376.0,159146.0,131727.0,152501.0,331925.0,254900.0,164957.0,158977.0,209224.0,112063.0,177571.0
2010-04-01,145813.0,162674.0,306253.0,448166.0,219271.0,198153.0,163081.0,124875.0,129551.0,140874.0,258403.0,124980.0,189861.0,171451.0,345384.0,128710.0,403608.0,489282.0,152137.0,165274.0,160408.0,307430.0,125751.0,127459.0,348015.0,357206.0,157361.0,131117.0,152251.0,331174.0,254764.0,164937.0,158887.0,209530.0,112051.0,177315.0
2010-05-01,145406.0,162101.0,306355.0,447590.0,218394.0,198185.0,162665.0,124415.0,129348.0,140576.0,257656.0,124488.0,189224.0,170783.0,345788.0,128741.0,401950.0,487796.0,153023.0,164919.0,160023.0,306802.0,125824.0,127132.0,347973.0,357798.0,156698.0,131231.0,152126.0,329639.0,254159.0,164911.0,158437.0,210108.0,111941.0,176972.0
2010-06-01,144879.0,161371.0,306014.0,446593.0,217513.0,197721.0,162296.0,123919.0,129074.0,140213.0,256966.0,124024.0,188794.0,169873.0,345474.0,128318.0,400262.0,485727.0,152708.0,164477.0,159723.0,306409.0,125877.0,126803.0,347423.0,357778.0,155741.0,131412.0,151964.0,327730.0,253654.0,164779.0,157701.0,210161.0,111594.0,176537.0
2010-07-01,144437.0,160748.0,304424.0,445079.0,216788.0,196604.0,161842.0,123317.0,128509.0,140057.0,255848.0,123780.0,188248.0,169441.0,343881.0,127908.0,399332.0,484781.0,151626.0,164010.0,159139.0,305613.0,125915.0,126570.0,346489.0,356671.0,156100.0,131446.0,151804.0,326946.0,253469.0,164729.0,156717.0,210542.0,111319.0,176116.0
2010-08-01,143935.0,160359.0,303488.0,444700.0,216032.0,195579.0,161574.0,122926.0,127784.0,140069.0,254407.0,123547.0,187370.0,169177.0,342838.0,127010.0,399168.0,484129.0,149907.0,163436.0,158321.0,305164.0,125847.0,126467.0,345489.0,355621.0,155988.0,131275.0,151465.0,326442.0,253136.0,164522.0,156055.0,210527.0,111168.0,175653.0
2010-09-01,143311.0,159911.0,303145.0,444345.0,215057.0,194494.0,161010.0,122502.0,126929.0,139824.0,252526.0,123131.0,185916.0,168913.0,342507.0,126506.0,398122.0,483009.0,147350.0,162773.0,157326.0,303744.0,125606.0,126372.0,345225.0,355123.0,155783.0,130205.0,151198.0,325452.0,252184.0,164224.0,155310.0,210157.0,111199.0,175110.0
2010-10-01,142163.0,158964.0,303460.0,444139.0,213446.0,193103.0,160089.0,121445.0,125770.0,139031.0,250896.0,122042.0,183900.0,167945.0,342729.0,125794.0,395845.0,480209.0,144344.0,161740.0,156105.0,301888.0,125131.0,125671.0,344468.0,354928.0,155002.0,129077.0,150320.0,323174.0,250416.0,163539.0,154194.0,208845.0,111117.0,174272.0
2010-11-01,141305.0,158059.0,303510.0,443529.0,211915.0,191960.0,159227.0,120412.0,124556.0,138314.0,249854.0,121191.0,182585.0,166971.0,342890.0,125123.0,394560.0,477949.0,141446.0,161082.0,155325.0,300023.0,124641.0,125167.0,343894.0,355283.0,154339.0,127786.0,149624.0,320919.0,248269.0,162763.0,152840.0,208010.0,110700.0,173584.0
2010-12-01,140354.0,157072.0,302492.0,442186.0,210506.0,190759.0,158358.0,119421.0,123502.0,137517.0,249067.0,120401.0,181377.0,165975.0,342000.0,124278.0,393099.0,475641.0,140222.0,160558.0,154630.0,298345.0,124152.0,124362.0,342012.0,354331.0,153882.0,126960.0,148826.0,319006.0,245873.0,162049.0,151573.0,207183.0,110003.0,172823.0
2011-01-01,139187.0,155640.0,302742.0,441304.0,208732.0,189181.0,157040.0,118596.0,122386.0,136278.0,247277.0,119378.0,180603.0,165002.0,343425.0,123491.0,390526.0,472132.0,140531.0,160044.0,153827.0,296121.0,123668.0,123161.0,340214.0,354948.0,153312.0,125630.0,148049.0,316994.0,242610.0,161384.0,150257.0,205452.0,109190.0,171864.0
2011-02-01,138118.0,154365.0,302752.0,439976.0,207418.0,187913.0,155853.0,117653.0,121444.0,135072.0,245837.0,118285.0,179852.0,164055.0,344484.0,122908.0,387272.0,468095.0,141691.0,159432.0,153082.0,294127.0,123120.0,122087.0,338462.0,354948.0,152885.0,124016.0,147288.0,314743.0,240415.0,160768.0,149484.0,204023.0,108505.0,170878.0
2011-03-01,137317.0,153294.0,303866.0,440030.0,206511.0,186868.0,154908.0,116957.0,120987.0,134205.0,244566.0,117424.0,179654.0,163345.0,346492.0,122219.0,385080.0,465591.0,141790.0,158674.0,152415.0,292390.0,122557.0,121176.0,337793.0,355971.0,152406.0,123247.0,146104.0,312819.0,240017.0,160194.0,148529.0,202589.0,108011.0,170032.0
2011-04-01,137101.0,152859.0,303968.0,440671.0,206723.0,186511.0,154770.0,116586.0,120784.0,133931.0,244916.0,117090.0,179302.0,162970.0,346655.0,121170.0,384491.0,466452.0,141083.0,158324.0,152088.0,292269.0,122085.0,120418.0,338703.0,356118.0,152021.0,122518.0,145238.0,311934.0,241499.0,159722.0,148165.0,202883.0,107379.0,169589.0
2011-05-01,136757.0,152639.0,304290.0,441545.0,206967.0,185990.0,154536.0,116315.0,120591.0,133877.0,245056.0,116974.0,178775.0,162868.0,347288.0,119862.0,385462.0,468246.0,139948.0,158037.0,151882.0,292920.0,121745.0,119690.0,339172.0,356386.0,151344.0,122413.0,144532.0,312172.0,242687.0,159402.0,148184.0,203359.0,106917.0,169197.0
2011-06-01,136198.0,152374.0,304332.0,441847.0,206955.0,185558.0,154095.0,115736.0,119977.0,133597.0,245149.0,116545.0,177834.0,162534.0,347790.0,118786.0,385066.0,469423.0,139360.0,157748.0,151307.0,293303.0,121527.0,119133.0,339303.0,356570.0,150749.0,122577.0,144460.0,312156.0,243213.0,159258.0,148552.0,204316.0,106661.0,168847.0
2011-07-01,135459.0,152068.0,304374.0,440911.0,206454.0,185227.0,153453.0,115003.0,118701.0,133216.0,245444.0,115903.0,177168.0,161918.0,348222.0,117930.0,384021.0,468069.0,138317.0,157285.0,151026.0,293023.0,121318.0,118678.0,338718.0,355981.0,149910.0,122383.0,143991.0,311195.0,243076.0,159060.0,148024.0,204329.0,106697.0,168352.0
2011-08-01,134525.0,151492.0,303985.0,438925.0,205557.0,184588.0,152506.0,114045.0,117583.0,132617.0,245768.0,115025.0,176665.0,160790.0,347847.0,117111.0,381576.0,466351.0,138023.0,156710.0,150893.0,292458.0,121208.0,118232.0,338212.0,355171.0,148985.0,120731.0,143397.0,309512.0,243778.0,158949.0,146865.0,204166.0,106640.0,167761.0
2011-09-01,133663.0,151066.0,303374.0,437066.0,204546.0,183560.0,151766.0,113004.0,116167.0,132008.0,245697.0,114185.0,176280.0,159912.0,347409.0,115878.0,379860.0,464665.0,137546.0,156358.0,150910.0,292254.0,121188.0,117324.0,337909.0,354087.0,147797.0,118990.0,142569.0,307921.0,244817.0,158861.0,145411.0,203899.0,106571.0,167052.0
2011-10-01,133229.0,150845.0,302485.0,435665.0,203882.0,182421.0,151450.0,112443.0,115111.0,131823.0,245355.0,113868.0,176323.0,159599.0,346912.0,114430.0,379367.0,464442.0,137660.0,156312.0,150977.0,292895.0,121201.0,116807.0,338232.0,353425.0,147344.0,117029.0,142348.0,307674.0,246332.0,158819.0,144799.0,204779.0,106541.0,166569.0
2011-11-01,132849.0,150570.0,302878.0,436074.0,203226.0,181136.0,151262.0,112151.0,114485.0,131447.0,244811.0,113402.0,176405.0,159621.0,347826.0,113877.0,378597.0,463349.0,137141.0,156268.0,150906.0,293160.0,121098.0,115927.0,339119.0,353779.0,147130.0,115970.0,141917.0,307359.0,246807.0,158670.0,144094.0,204941.0,106745.0,166268.0
2011-12-01,132608.0,150426.0,304459.0,437664.0,202812.0,180366.0,151131.0,112084.0,114108.0,131391.0,244833.0,112974.0,177241.0,159657.0,349984.0,113727.0,378964.0,462840.0,136269.0,156139.0,151477.0,294090.0,121020.0,115589.0,340716.0,355722.0,147240.0,114286.0,141517.0,307488.0,246784.0,158456.0,143495.0,205214.0,106883.0,166238.0
2012-01-01,132244.0,150325.0,306074.0,439308.0,202321.0,179991.0,150959.0,111962.0,114240.0,131338.0,245139.0,112454.0,178235.0,159249.0,351471.0,113955.0,379198.0,462824.0,135639.0,155968.0,151975.0,295036.0,120982.0,115068.0,342138.0,357792.0,146784.0,113332.0,140975.0,307523.0,246640.0,158340.0,142619.0,205685.0,106856.0,166246.0
2012-02-01,132075.0,150517.0,305879.0,439514.0,201959.0,179892.0,150887.0,112041.0,113930.0,131594.0,245992.0,112410.0,179519.0,158907.0,351005.0,113618.0,380426.0,463601.0,134127.0,155850.0,152514.0,296394.0,121025.0,114712.0,343834.0,358152.0,146315.0,112844.0,140515.0,308279.0,246878.0,158212.0,141582.0,206420.0,106692.0,166267.0
2012-03-01,132068.0,151115.0,305760.0,439871.0,202317.0,180689.0,151026.0,112166.0,113662.0,131845.0,248063.0,112625.0,181052.0,158764.0,350372.0,113109.0,382177.0,465479.0,133417.0,156028.0,152977.0,299298.0,121080.0,114783.0,346146.0,358361.0,145959.0,112951.0,141158.0,310114.0,247405.0,158109.0,141457.0,207376.0,106620.0,166418.0
2012-04-01,132181.0,151750.0,306206.0,440529.0,202628.0,181171.0,150942.0,112139.0,112888.0,132020.0,249962.0,112900.0,182708.0,158833.0,351012.0,112882.0,383319.0,466238.0,132002.0,156019.0,153537.0,301648.0,121137.0,115195.0,347872.0,358835.0,146276.0,113352.0,141683.0,311660.0,247759.0,158092.0,140900.0,207817.0,106852.0,166604.0
2012-05-01,132387.0,152123.0,307258.0,442149.0,202827.0,181872.0,151202.0,112203.0,112563.0,132002.0,251800.0,112955.0,184466.0,158722.0,352411.0,112905.0,384334.0,466899.0,131086.0,156256.0,154235.0,303524.0,121193.0,115901.0,349306.0,359966.0,146301.0,113080.0,142167.0,312775.0,248407.0,158145.0,140558.0,208031.0,107162.0,166834.0
2012-06-01,132568.0,152213.0,308403.0,444004.0,202705.0,182427.0,151438.0,112600.0,112415.0,132083.0,253140.0,113075.0,185829.0,158470.0,353983.0,113215.0,385303.0,466466.0,129742.0,156383.0,154954.0,304221.0,121238.0,116634.0,350519.0,361393.0,146338.0,111999.0,141819.0,313369.0,249086.0,158191.0,139766.0,207958.0,107218.0,166917.0
2012-07-01,132753.0,152385.0,309927.0,446742.0,202844.0,183211.0,151958.0,113330.0,112810.0,131967.0,254643.0,113146.0,187015.0,158479.0,355506.0,113529.0,387269.0,467963.0,128897.0,156681.0,155599.0,305540.0,121327.0,117363.0,352080.0,363460.0,145886.0,111533.0,142227.0,314964.0,250574.0,158142.0,140169.0,208799.0,107234.0,167203.0
2012-08-01,133158.0,152779.0,312218.0,449698.0,203353.0,184285.0,152423.0,113937.0,113374.0,131978.0,256861.0,113491.0,188499.0,158781.0,357542.0,113989.0,389566.0,470113.0,128760.0,156802.0,156314.0,307688.0,121373.0,118072.0,354412.0,366014.0,146040.0,112221.0,142994.0,317697.0,251763.0,158060.0,141135.0,209912.0,107248.0,167655.0
2012-09-01,133814.0,153349.0,314527.0,452496.0,204126.0,185502.0,152874.0,114494.0,114225.0,132177.0,259529.0,113833.0,190583.0,159101.0,359566.0,114716.0,391425.0,472921.0,129278.0,156953.0,157123.0,310026.0,121376.0,118997.0,356899.0,368724.0,145940.0,113438.0,143893.0,320559.0,253142.0,158036.0,142634.0,211221.0,107390.0,168429.0
2012-10-01,134304.0,153920.0,316404.0,454308.0,204841.0,186490.0,152895.0,114432.0,115073.0,132418.0,261818.0,114179.0,192302.0,159198.0,361254.0,115876.0,392625.0,475196.0,129401.0,157033.0,157719.0,311670.0,121349.0,119841.0,359109.0,370515.0,145958.0,114110.0,144213.0,322671.0,253795.0,158058.0,143636.0,211453.0,107642.0,169067.0
2012-11-01,134673.0,154628.0,317576.0,455268.0,205843.0,187786.0,153013.0,114264.0,115669.0,132956.0,263839.0,114590.0,193662.0,159304.0,361960.0,116630.0,394038.0,477781.0,129607.0,157225.0,158486.0,313253.0,121329.0,120877.0,360854.0,371529.0,145497.0,114212.0,144458.0,324380.0,254628.0,158130.0,144886.0,212442.0,107860.0,169548.0
2012-12-01,135096.0,155402.0,318267.0,455611.0,206851.0,189038.0,153361.0,113927.0,116380.0,133394.0,266185.0,115318.0,194829.0,159542.0,362226.0,117263.0,395732.0,480550.0,130069.0,157616.0,159172.0,315266.0,121422.0,121809.0,362475.0,371583.0,145356.0,115193.0,144934.0,326159.0,256274.0,158454.0,145738.0,213701.0,108400.0,170013.0
2013-01-01,135814.0,156453.0,319182.0,457198.0,208331.0,190397.0,154295.0,114072.0,117097.0,134140.0,268770.0,116106.0,195702.0,160212.0,362888.0,117179.0,398224.0,483392.0,130308.0,158135.0,160280.0,318002.0,121722.0,123127.0,364512.0,372282.0,145761.0,116145.0,145753.0,328115.0,258670.0,158977.0,146765.0,215873.0,108717.0,170623.0
2013-02-01,136512.0,157499.0,322425.0,461525.0,209887.0,191691.0,155402.0,114480.0,118211.0,134860.0,271290.0,116768.0,196808.0,161036.0,366337.0,117385.0,401134.0,486748.0,131892.0,158870.0,161621.0,321347.0,122142.0,124430.0,367256.0,375644.0,147005.0,117481.0,147006.0,330426.0,261578.0,159668.0,147941.0,218232.0,109057.0,171461.0
2013-03-01,137045.0,158331.0,324979.0,464937.0,211045.0,192280.0,156343.0,114847.0,118891.0,135523.0,272316.0,117095.0,197301.0,161781.0,369024.0,117874.0,403284.0,488728.0,132200.0,159439.0,162896.0,323657.0,122532.0,125515.0,369371.0,378230.0,148285.0,117643.0,147664.0,331847.0,263952.0,160260.0,148655.0,220832.0,109015.0,172209.0
2013-04-01,137427.0,158875.0,327222.0,467146.0,211953.0,193384.0,157298.0,115000.0,119701.0,136074.0,274011.0,117464.0,198494.0,162574.0,370984.0,118780.0,405942.0,491022.0,133113.0,160046.0,164152.0,325862.0,122748.0,126411.0,372049.0,380533.0,149439.0,118440.0,148108.0,333401.0,265798.0,160692.0,149476.0,223297.0,109257.0,172986.0
2013-05-01,137802.0,159301.0,329002.0,468263.0,212805.0,194330.0,157694.0,114799.0,120213.0,136469.0,275715.0,117782.0,199264.0,163072.0,371746.0,119815.0,407453.0,491943.0,134301.0,160299.0,164927.0,327258.0,123004.0,126714.0,374522.0,382067.0,150625.0,118768.0,148161.0,334718.0,266873.0,161083.0,149721.0,225548.0,109333.0,173665.0
2013-06-01,138360.0,159972.0,331574.0,470171.0,213990.0,195443.0,158322.0,114519.0,121039.0,136823.0,278310.0,118157.0,200807.0,164046.0,373444.0,120720.0,409684.0,494465.0,136400.0,160825.0,165717.0,329495.0,123358.0,126819.0,377553.0,384440.0,151926.0,119835.0,148835.0,337251.0,268699.0,161443.0,150909.0,227668.0,109803.0,174576.0
2013-07-01,139056.0,160779.0,334378.0,472706.0,215404.0,196623.0,158818.0,114313.0,121905.0,137372.0,280732.0,118583.0,202707.0,164835.0,375767.0,121704.0,411255.0,496919.0,139519.0,161378.0,166633.0,332303.0,123787.0,126748.0,381280.0,386817.0,153499.0,119815.0,149840.0,339716.0,271163.0,161981.0,151881.0,229890.0,109900.0,175523.0
2013-08-01,139664.0,161696.0,336639.0,475699.0,216808.0,197954.0,159767.0,114554.0,122733.0,138163.0,282767.0,118933.0,204899.0,165967.0,378139.0,122742.0,413296.0,499988.0,140260.0,162326.0,167900.0,335554.0,123915.0,127081.0,385105.0,389230.0,154617.0,119749.0,150389.0,341964.0,273795.0,162216.0,152624.0,232404.0,110122.0,176544.0
2013-09-01,140132.0,162387.0,338777.0,478790.0,217972.0,199615.0,160626.0,115067.0,123930.0,139113.0,284466.0,119451.0,206897.0,166916.0,380332.0,123691.0,415301.0,502769.0,141129.0,163084.0,169434.0,338459.0,123995.0,127623.0,388725.0,391599.0,156192.0,119383.0,150490.0,343881.0,275496.0,162427.0,152532.0,234735.0,110218.0,177409.0
2013-10-01,140686.0,163091.0,341605.0,483003.0,219218.0,201956.0,161787.0,116133.0,125394.0,139996.0,286851.0,119976.0,209190.0,167891.0,383173.0,124338.0,417931.0,505458.0,141312.0,163986.0,171254.0,341786.0,123834.0,128198.0,392067.0,395176.0,157178.0,120396.0,150095.0,345635.0,277199.0,162426.0,152485.0,237280.0,110537.0,178283.0
2013-11-01,141468.0,163946.0,344275.0,486791.0,220531.0,204152.0,162981.0,116996.0,126872.0,140699.0,289638.0,120616.0,212004.0,168708.0,386125.0,124789.0,421212.0,508647.0,141932.0,164846.0,173365.0,345595.0,123885.0,128879.0,396028.0,398248.0,158830.0,121703.0,149836.0,348449.0,279911.0,162685.0,152483.0,238988.0,110882.0,179230.0
2013-12-01,142169.0,164813.0,347106.0,490963.0,221852.0,206137.0,163988.0,117962.0,127854.0,141380.0,292320.0,121098.0,214627.0,169387.0,389291.0,125349.0,423998.0,511535.0,142273.0,165562.0,175363.0,349313.0,124138.0,129520.0,399814.0,401744.0,159674.0,122396.0,149538.0,350546.0,282851.0,163246.0,152577.0,240664.0,111149.0,180082.0
2014-01-01,142999.0,165936.0,348828.0,493436.0,223185.0,208122.0,164873.0,118623.0,128488.0,142166.0,294941.0,121862.0,217348.0,170091.0,391380.0,126249.0,426722.0,514824.0,143486.0,166284.0,177684.0,352251.0,124678.0,130979.0,403719.0,403387.0,159907.0,122996.0,149539.0,353000.0,286003.0,164066.0,153031.0,241847.0,111608.0,181039.0
2014-02-01,143619.0,166725.0,349412.0,493966.0,223908.0,209718.0,165197.0,119095.0,129156.0,142567.0,296771.0,122451.0,219259.0,170686.0,391870.0,127447.0,427581.0,516794.0,143780.0,166758.0,179360.0,353437.0,125261.0,132203.0,405264.0,403543.0,159553.0,123131.0,149540.0,353715.0,287749.0,165011.0,153433.0,242831.0,112106.0,181811.0
2014-03-01,144345.0,167483.0,350120.0,494708.0,224569.0,211516.0,165468.0,119625.0,130223.0,142862.0,298932.0,123030.0,221635.0,171328.0,392586.0,128395.0,428524.0,518770.0,145114.0,167418.0,180975.0,353912.0,125641.0,133329.0,407712.0,403785.0,159597.0,123647.0,149597.0,355385.0,289330.0,165690.0,154247.0,243442.0,112698.0,182663.0
2014-04-01,144930.0,168306.0,350860.0,495658.0,225305.0,212949.0,165673.0,120280.0,131157.0,142997.0,299901.0,123407.0,224549.0,171798.0,393557.0,129376.0,429392.0,520242.0,146949.0,168059.0,182683.0,354632.0,125969.0,134081.0,409311.0,404162.0,159946.0,122936.0,149888.0,358038.0,290374.0,166249.0,155557.0,243872.0,112995.0,183365.0
2014-05-01,145687.0,169405.0,352415.0,497867.0,226522.0,214809.0,166433.0,121216.0,132046.0,143714.0,301650.0,124231.0,228787.0,172403.0,395917.0,129785.0,431674.0,523172.0,149388.0,168979.0,185433.0,357034.0,126440.0,135663.0,412542.0,405798.0,160249.0,123252.0,150556.0,361835.0,292627.0,166938.0,157119.0,245022.0,113346.0,184233.0
2014-06-01,146659.0,170683.0,353715.0,500007.0,227999.0,216858.0,167324.0,122306.0,133075.0,144909.0,303213.0,125443.0,233051.0,173099.0,398002.0,130418.0,434562.0,526698.0,151477.0,169970.0,188561.0,360424.0,126947.0,137456.0,415949.0,406825.0,160495.0,124401.0,150916.0,364890.0,295078.0,167915.0,158137.0,247305.0,113380.0,185198.0
2014-07-01,147706.0,171584.0,355276.0,502442.0,229221.0,218655.0,168151.0,123246.0,134443.0,146149.0,305080.0,126833.0,236576.0,173608.0,400363.0,130912.0,437265.0,529860.0,152053.0,171080.0,190952.0,363577.0,128009.0,139481.0,419381.0,408863.0,160200.0,126377.0,149995.0,366634.0,296962.0,169699.0,158203.0,249302.0,113574.0,186108.0
2014-08-01,148723.0,172280.0,356455.0,504063.0,230318.0,220310.0,168719.0,124149.0,136177.0,147131.0,306476.0,128017.0,239634.0,174108.0,402159.0,131645.0,439850.0,532049.0,154220.0,172019.0,193359.0,365894.0,129992.0,140906.0,421806.0,410036.0,160799.0,127964.0,149744.0,367601.0,298465.0,172504.0,158637.0,251405.0,114034.0,187017.0
2014-09-01,149516.0,172914.0,357498.0,505462.0,231423.0,221689.0,169230.0,124636.0,137138.0,147657.0,307814.0,128869.0,242367.0,174414.0,403336.0,132344.0,442257.0,533683.0,156007.0,172868.0,195922.0,367907.0,132691.0,141970.0,423068.0,411239.0,161084.0,129080.0,150519.0,368763.0,300567.0,176054.0,159495.0,252630.0,114615.0,187796.0
2014-10-01,150387.0,173903.0,358345.0,506327.0,232710.0,223080.0,169913.0,125164.0,137802.0,148372.0,309090.0,129537.0,245017.0,175124.0,404099.0,133113.0,445020.0,536158.0,158319.0,173699.0,199260.0,369846.0,135881.0,143069.0,425291.0,411510.0,162265.0,129784.0,152959.0,371201.0,304070.0,179966.0,160683.0,254919.0,115327.0,188794.0
2014-11-01,150944.0,174596.0,359759.0,508131.0,233349.0,224074.0,170224.0,125548.0,137984.0,148977.0,309762.0,130022.0,246818.0,175650.0,405300.0,134026.0,446205.0,537258.0,160706.0,174459.0,201046.0,370298.0,138988.0,143983.0,426638.0,413169.0,162524.0,130101.0,155441.0,372575.0,306759.0,183902.0,161203.0,256672.0,115632.0,189726.0
2014-12-01,151929.0,175788.0,361238.0,510119.0,234504.0,225947.0,171054.0,126215.0,139040.0,149947.0,310958.0,130780.0,249132.0,176450.0,406928.0,134853.0,448328.0,539706.0,163791.0,175715.0,202968.0,371198.0,141172.0,145717.0,429719.0,414587.0,163433.0,130522.0,157731.0,375214.0,309340.0,186729.0,162342.0,258864.0,116055.0,190939.0
2015-01-01,152523.0,176651.0,363639.0,512657.0,235089.0,227407.0,171519.0,126781.0,140246.0,150689.0,311667.0,131402.0,251870.0,176865.0,409202.0,135830.0,449744.0,541449.0,166957.0,176744.0,204172.0,372045.0,142220.0,146855.0,432063.0,417402.0,165078.0,131156.0,159216.0,377180.0,310435.0,188236.0,163259.0,260205.0,116289.0,191944.0
2015-02-01,153440.0,177824.0,365981.0,515414.0,236353.0,229637.0,172465.0,127455.0,141569.0,151715.0,313151.0,132247.0,255315.0,177439.0,411497.0,136326.0,452786.0,544546.0,171023.0,178057.0,206589.0,374722.0,142809.0,148478.0,436162.0,419965.0,166780.0,131832.0,160029.0,380439.0,312045.0,189028.0,164409.0,261730.0,116769.0,192981.0
2015-03-01,154057.0,178732.0,368830.0,518537.0,237144.0,231349.0,173095.0,128053.0,142574.0,152623.0,314036.0,133048.0,258471.0,178001.0,414350.0,137228.0,454759.0,546816.0,174274.0,179000.0,209250.0,377434.0,144137.0,149858.0,438763.0,423814.0,167922.0,133158.0,160966.0,382492.0,313048.0,190628.0,165148.0,262867.0,117262.0,193989.0
2015-04-01,155103.0,179937.0,371755.0,522346.0,238466.0,233511.0,173942.0,128842.0,144001.0,153841.0,315726.0,134109.0,260962.0,178781.0,417330.0,137964.0,457222.0,549638.0,177438.0,180346.0,212171.0,380733.0,146477.0,151516.0,441820.0,427832.0,168192.0,134903.0,162261.0,384234.0,315871.0,193492.0,165700.0,264768.0,117881.0,195246.0
2015-05-01,156504.0,181799.0,374136.0,525462.0,240206.0,236233.0,175142.0,130077.0,146246.0,155277.0,317689.0,135411.0,263639.0,180150.0,419693.0,139579.0,460716.0,553844.0,179174.0,182012.0,215422.0,384616.0,148390.0,152994.0,445518.0,431141.0,168755.0,136862.0,163843.0,386494.0,319291.0,195998.0,166845.0,266830.0,118554.0,196863.0
2015-06-01,157864.0,183727.0,375717.0,526995.0,242076.0,238997.0,176300.0,131153.0,148399.0,156423.0,319732.0,136527.0,266393.0,181356.0,420904.0,140930.0,464326.0,557926.0,181825.0,183549.0,218748.0,387945.0,150023.0,154155.0,449171.0,433788.0,169454.0,137843.0,165463.0,389478.0,322886.0,198327.0,167976.0,268688.0,119393.0,198388.0
2015-07-01,159172.0,185825.0,376466.0,527316.0,243911.0,241845.0,177689.0,132189.0,150338.0,157596.0,321722.0,137601.0,269777.0,182886.0,421167.0,141954.0,468557.0,562108.0,185100.0,184647.0,223160.0,390621.0,150137.0,155073.0,452851.0,434889.0,170826.0,138446.0,167175.0,392950.0,326060.0,198788.0,169591.0,270344.0,120419.0,199865.0
2015-08-01,160449.0,187987.0,378041.0,528423.0,245676.0,244445.0,178930.0,132918.0,152013.0,158783.0,324184.0,138800.0,273274.0,183900.0,422117.0,142904.0,472352.0,566482.0,188508.0,185779.0,227019.0,392619.0,149791.0,156236.0,456874.0,436864.0,171237.0,139607.0,168452.0,396533.0,329393.0,198968.0,170976.0,272055.0,121295.0,201227.0
2015-09-01,162190.0,190694.0,380401.0,530943.0,247937.0,247693.0,180753.0,134298.0,154290.0,160593.0,327564.0,140471.0,277438.0,185599.0,424216.0,144085.0,477107.0,571693.0,191560.0,187453.0,230383.0,395953.0,148446.0,158459.0,462860.0,438676.0,171924.0,141566.0,169002.0,400681.0,333032.0,197720.0,172542.0,275301.0,122104.0,202952.0
2015-10-01,163713.0,193003.0,383236.0,533965.0,250096.0,250972.0,182246.0,135760.0,156759.0,162109.0,330498.0,142186.0,281679.0,186856.0,426841.0,145575.0,480831.0,576429.0,195746.0,189331.0,232706.0,399390.0,147533.0,161031.0,467831.0,441474.0,171900.0,143866.0,168629.0,403849.0,335043.0,197014.0,173851.0,277992.0,122453.0,204617.0
2015-11-01,165883.0,195832.0,386142.0,537333.0,253278.0,255252.0,184419.0,137820.0,159869.0,164056.0,334540.0,144354.0,286540.0,188756.0,429332.0,146982.0,486299.0,583299.0,200702.0,191437.0,237097.0,405436.0,146791.0,164597.0,474316.0,443791.0,172854.0,146490.0,168442.0,408903.0,337852.0,196082.0,175791.0,282135.0,123187.0,206561.0
2015-12-01,167269.0,197720.0,388907.0,540463.0,255378.0,258275.0,185686.0,139351.0,162178.0,165393.0,336665.0,145800.0,290355.0,189900.0,431481.0,148298.0,489734.0,587595.0,204729.0,192902.0,240784.0,409048.0,146789.0,166796.0,478027.0,446648.0,173682.0,149091.0,168057.0,412878.0,339537.0,196021.0,176923.0,284886.0,123757.0,208109.0
2016-01-01,169207.0,199898.0,391075.0,544024.0,258206.0,261915.0,187427.0,141146.0,164785.0,167155.0,339942.0,147443.0,292614.0,191995.0,433483.0,149645.0,494265.0,593211.0,207683.0,194653.0,243568.0,413339.0,147798.0,169047.0,481914.0,448949.0,175162.0,151727.0,168849.0,418050.0,342946.0,197433.0,178543.0,288624.0,124654.0,209959.0
2016-02-01,171004.0,202201.0,393088.0,547352.0,260886.0,265225.0,189194.0,143062.0,167413.0,169115.0,343190.0,149030.0,294844.0,194035.0,435788.0,151381.0,499019.0,598433.0,211050.0,196357.0,245292.0,416683.0,149027.0,171007.0,485320.0,451857.0,176715.0,154447.0,170153.0,422892.0,346775.0,199340.0,180445.0,292158.0,125299.0,211956.0
2016-03-01,173294.0,204895.0,394557.0,549702.0,264213.0,269067.0,191546.0,145105.0,170474.0,171424.0,347773.0,151098.0,297538.0,196413.0,437116.0,153199.0,505000.0,604740.0,216087.0,198327.0,247813.0,420913.0,150245.0,173651.0,489422.0,453550.0,178565.0,156253.0,171705.0,427690.0,352179.0,201298.0,182802.0,296173.0,126088.0,214092.0
2016-04-01,174986.0,207211.0,396084.0,551625.0,266756.0,272342.0,193492.0,146933.0,173109.0,173567.0,351479.0,152962.0,300808.0,198152.0,438438.0,155082.0,509676.0,609511.0,220440.0,199881.0,251320.0,423999.0,150104.0,176316.0,493221.0,454839.0,180353.0,157649.0,172500.0,430808.0,355911.0,201450.0,184611.0,299735.0,126915.0,215974.0
2016-05-01,176177.0,208682.0,397976.0,554103.0,268353.0,274734.0,194749.0,148072.0,174744.0,175122.0,353892.0,154248.0,302867.0,199618.0,439625.0,156400.0,512004.0,611943.0,224635.0,200867.0,253871.0,425146.0,150797.0,178523.0,494762.0,456182.0,182125.0,158137.0,173289.0,432013.0,358075.0,202646.0,185746.0,302795.0,127684.0,217465.0
2016-06-01,177161.0,209970.0,400689.0,557990.0,269614.0,277406.0,195787.0,149446.0,176118.0,176758.0,355922.0,155385.0,304361.0,200861.0,441869.0,157914.0,513826.0,613920.0,227678.0,202128.0,255819.0,426582.0,151411.0,181414.0,496594.0,458497.0,183808.0,158994.0,174106.0,432899.0,359535.0,203303.0,186710.0,305572.0,128778.0,218947.0
2016-07-01,178569.0,212092.0,404252.0,562880.0,271369.0,280199.0,197182.0,151295.0,177744.0,178609.0,358629.0,156788.0,306775.0,202505.0,444782.0,159822.0,516321.0,616909.0,231689.0,204026.0,258387.0,429312.0,153410.0,185558.0,498954.0,461824.0,185668.0,161085.0,175820.0,435198.0,362599.0,205615.0,187997.0,309451.0,129667.0,220818.0
2016-08-01,180082.0,214395.0,407213.0,567043.0,273345.0,283641.0,198864.0,153507.0,179338.0,180672.0,361729.0,158425.0,309529.0,204127.0,447493.0,161880.0,519116.0,619616.0,236967.0,206113.0,261683.0,433202.0,154561.0,190222.0,501711.0,464792.0,187446.0,163218.0,177134.0,438457.0,366225.0,206490.0,188885.0,312423.0,130334.0,222755.0
2016-09-01,181594.0,216551.0,410086.0,570591.0,275220.0,286429.0,200185.0,155362.0,181116.0,182592.0,364244.0,159955.0,311857.0,205669.0,450382.0,163753.0,521312.0,622240.0,243076.0,207748.0,265387.0,435960.0,156249.0,193769.0,503346.0,468590.0,189166.0,165409.0,179063.0,441167.0,369480.0,208412.0,190447.0,314892.0,130714.0,224658.0
2016-10-01,183531.0,219050.0,412372.0,573444.0,277357.0,289376.0,201839.0,157050.0,182980.0,185027.0,367322.0,161772.0,314223.0,207351.0,452843.0,165662.0,524248.0,625071.0,249077.0,209335.0,269093.0,438954.0,157808.0,196755.0,506034.0,471736.0,191160.0,166763.0,181751.0,444242.0,373282.0,210411.0,192544.0,316420.0,131350.0,226703.0
2016-11-01,184975.0,221064.0,413863.0,574896.0,278877.0,291567.0,203092.0,158522.0,184873.0,187280.0,369352.0,163122.0,316101.0,208836.0,454603.0,167871.0,526207.0,626285.0,252380.0,210806.0,271280.0,440349.0,159763.0,198558.0,507358.0,473934.0,193163.0,167882.0,184629.0,445624.0,375748.0,213335.0,195032.0,317394.0,132046.0,228586.0
2016-12-01,187178.0,223964.0,415775.0,576457.0,281333.0,294678.0,205252.0,160472.0,187303.0,190149.0,372956.0,165473.0,318988.0,211009.0,456157.0,170310.0,529762.0,629162.0,256098.0,212922.0,274386.0,444611.0,162281.0,201376.0,510909.0,475890.0,195080.0,169865.0,188154.0,448043.0,379066.0,216656.0,198006.0,319354.0,132776.0,230808.0
2017-01-01,189054.0,225926.0,417686.0,577667.0,283395.0,297068.0,207296.0,161921.0,188584.0,192155.0,375335.0,167466.0,321371.0,212240.0,457520.0,172716.0,531438.0,629700.0,258084.0,214647.0,277356.0,447444.0,164522.0,201919.0,513746.0,478286.0,195726.0,171314.0,190749.0,449040.0,380959.0,219209.0,200523.0,321555.0,133258.0,232609.0
2017-02-01,190942.0,227795.0,420464.0,580009.0,285340.0,298938.0,209193.0,163152.0,190083.0,193801.0,377326.0,169484.0,324353.0,213433.0,459241.0,174678.0,532745.0,631076.0,259778.0,216274.0,280735.0,449852.0,167373.0,202988.0,516216.0,481135.0,196703.0,173719.0,193588.0,449985.0,383500.0,222494.0,202562.0,323846.0,133817.0,234320.0
2017-03-01,192850.0,229671.0,423579.0,583287.0,287334.0,301292.0,211302.0,164632.0,191585.0,195755.0,379229.0,171296.0,327181.0,214453.0,462354.0,176212.0,534557.0,633755.0,260172.0,218192.0,282994.0,452108.0,169383.0,204029.0,519401.0,484273.0,197687.0,176023.0,195964.0,451856.0,385456.0,225223.0,204265.0,326687.0,134599.0,236106.0
2017-04-01,195227.0,232403.0,426836.0,586175.0,289633.0,304645.0,213902.0,167003.0,194486.0,198474.0,381939.0,173504.0,330492.0,216519.0,465443.0,177799.0,538672.0,639405.0,262900.0,220511.0,284918.0,455856.0,171564.0,207562.0,523700.0,487404.0,199537.0,179360.0,198603.0,455363.0,387788.0,228336.0,206408.0,328936.0,135299.0,238327.0
2017-05-01,198000.0,235590.0,429720.0,588546.0,292633.0,308486.0,216785.0,169915.0,197890.0,201617.0,385173.0,176199.0,333661.0,218748.0,468643.0,179903.0,543287.0,644888.0,266747.0,223207.0,287355.0,461098.0,172374.0,211470.0,529782.0,490348.0,201149.0,182336.0,200386.0,459841.0,389507.0,229544.0,208625.0,331274.0,136134.0,240720.0
2017-06-01,200589.0,238805.0,432089.0,590159.0,295421.0,311165.0,219427.0,172396.0,201270.0,204467.0,388185.0,178876.0,337093.0,221078.0,471200.0,181962.0,546919.0,648759.0,271668.0,225260.0,290103.0,465307.0,173559.0,215108.0,534916.0,492646.0,202872.0,185208.0,202392.0,462921.0,390526.0,231237.0,210817.0,332415.0,136184.0,243039.0
2017-07-01,202664.0,241204.0,434308.0,592240.0,297912.0,313669.0,221447.0,174293.0,204485.0,207007.0,390249.0,181324.0,339341.0,222964.0,473921.0,183881.0,548672.0,650894.0,275341.0,227208.0,291697.0,468309.0,174753.0,216996.0,539529.0,494499.0,204306.0,187143.0,204076.0,465115.0,390372.0,232876.0,213161.0,332458.0,136641.0,245060.0
2017-08-01,204758.0,243276.0,436866.0,594991.0,300275.0,315995.0,223502.0,175949.0,207454.0,209493.0,392035.0,183508.0,340999.0,225311.0,476768.0,185391.0,550733.0,653698.0,277804.0,229055.0,292431.0,470952.0,177778.0,218507.0,543604.0,496785.0,205943.0,189027.0,207061.0,466604.0,389842.0,236844.0,216079.0,333090.0,137099.0,247145.0
2017-09-01,206864.0,245228.0,438592.0,597120.0,302512.0,318613.0,225673.0,178024.0,210382.0,211864.0,393605.0,185768.0,342610.0,227397.0,478578.0,186998.0,553006.0,656385.0,280077.0,231378.0,293059.0,473918.0,181265.0,220698.0,547514.0,497961.0,207487.0,190872.0,209745.0,468521.0,389801.0,241382.0,218144.0,333805.0,138251.0,249172.0
2017-10-01,208802.0,246983.0,440155.0,598585.0,304263.0,320554.0,227630.0,180008.0,212946.0,213948.0,395061.0,187783.0,344025.0,229441.0,479896.0,188145.0,555354.0,658984.0,281451.0,233358.0,293838.0,476016.0,183367.0,223401.0,549845.0,499310.0,209170.0,193393.0,211328.0,469924.0,389760.0,244019.0,219199.0,335683.0,139091.0,250911.0
2017-11-01,211194.0,249361.0,442365.0,600528.0,306521.0,322857.0,230009.0,182176.0,215939.0,216172.0,397358.0,190435.0,346481.0,231241.0,481771.0,189338.0,558340.0,662503.0,284685.0,235452.0,295982.0,478694.0,184550.0,226336.0,553137.0,501333.0,210870.0,196203.0,212329.0,471991.0,391237.0,245492.0,220059.0,338018.0,139988.0,252831.0
2017-12-01,213384.0,251396.0,444456.0,602546.0,308619.0,325055.0,232132.0,184128.0,218951.0,218332.0,399522.0,192645.0,348400.0,233175.0,483695.0,190841.0,561494.0,666324.0,288475.0,237247.0,297967.0,480062.0,184751.0,228809.0,555318.0,503862.0,213003.0,198328.0,212812.0,474286.0,392890.0,246023.0,220911.0,340517.0,140920.0,254778.0
2018-01-01,215322.0,253995.0,446949.0,604660.0,310807.0,327075.0,233961.0,186400.0,222339.0,220906.0,402085.0,194850.0,351280.0,235416.0,485882.0,192589.0,565124.0,671192.0,293875.0,239505.0,300945.0,482597.0,184905.0,233304.0,558757.0,505382.0,215460.0,200140.0,213270.0,477285.0,395609.0,246780.0,221711.0,342149.0,142096.0,256971.0
2018-02-01,217169.0,255981.0,449170.0,606636.0,312728.0,329425.0,235621.0,188529.0,224821.0,223720.0,403972.0,196740.0,351948.0,237573.0,487996.0,194786.0,566914.0,672917.0,297671.0,241800.0,303434.0,484799.0,183617.0,236575.0,562675.0,506685.0,217218.0,201171.0,212672.0,480304.0,395335.0,245515.0,221823.0,342926.0,143364.0,259054.0
2018-03-01,218765.0,257897.0,450570.0,607801.0,314230.0,330757.0,236746.0,190405.0,226802.0,226080.0,404817.0,198361.0,352275.0,239448.0,488748.0,197164.0,567201.0,672516.0,300793.0,243711.0,305669.0,486882.0,182444.0,239073.0,566513.0,506989.0,218879.0,202772.0,212265.0,482757.0,394919.0,243852.0,222364.0,342736.0,144302.0,260726.0
2018-04-01,220515.0,259077.0,452231.0,610523.0,315636.0,331359.0,237752.0,191432.0,227902.0,227713.0,405127.0,199669.0,351677.0,240819.0,490215.0,199014.0,566210.0,670428.0,302003.0,245107.0,307273.0,487750.0,183088.0,239172.0,569120.0,508907.0,220409.0,203982.0,212809.0,484844.0,394070.0,244366.0,223028.0,342999.0,145357.0,262160.0
2018-05-01,221532.0,259934.0,453555.0,612394.0,316179.0,330640.0,238307.0,192127.0,228467.0,228807.0,405156.0,200509.0,351568.0,241570.0,491562.0,200132.0,565429.0,669250.0,303106.0,246086.0,307871.0,487221.0,184935.0,239611.0,569492.0,509945.0,222281.0,205642.0,214002.0,485470.0,395088.0,246399.0,223624.0,342753.0,146033.0,263200.0
2018-06-01,222896.0,260657.0,455355.0,614969.0,317189.0,330713.0,239268.0,193167.0,229553.0,230299.0,405406.0,201595.0,351186.0,242522.0,493493.0,201024.0,565118.0,669091.0,303786.0,247335.0,308434.0,486329.0,186983.0,240047.0,568460.0,511470.0,224068.0,207259.0,215047.0,486414.0,395843.0,248967.0,224364.0,343298.0,147145.0,264394.0
2018-07-01,224732.0,261746.0,456491.0,615830.0,318491.0,331381.0,240760.0,194978.0,230768.0,232394.0,406046.0,203147.0,351309.0,243610.0,494656.0,202575.0,566322.0,669958.0,305269.0,248722.0,309115.0,486442.0,187912.0,241102.0,567407.0,512864.0,225615.0,209306.0,216207.0,487705.0,395803.0,250276.0,225356.0,344104.0,148014.0,265646.0
2018-08-01,226886.0,263244.0,457645.0,616551.0,320231.0,332029.0,242449.0,196989.0,232446.0,234572.0,406654.0,204864.0,351860.0,244987.0,495393.0,204483.0,567778.0,671133.0,305985.0,250236.0,310212.0,486314.0,188194.0,241963.0,566082.0,514020.0,227187.0,211070.0,217143.0,489116.0,395238.0,251052.0,226754.0,345247.0,149347.0,267141.0
2018-09-01,228726.0,264563.0,459064.0,617563.0,321566.0,332575.0,244149.0,198396.0,233402.0,236549.0,407608.0,206492.0,352048.0,246243.0,496308.0,206487.0,569455.0,672321.0,306317.0,251706.0,310964.0,486219.0,187344.0,242170.0,565305.0,515400.0,228800.0,212716.0,217487.0,490609.0,395017.0,250248.0,227751.0,346526.0,150315.0,268481.0
2018-10-01,230041.0,265623.0,461159.0,620260.0,322805.0,332838.0,245608.0,199518.0,234127.0,237885.0,407799.0,207783.0,351747.0,247403.0,497993.0,208370.0,569814.0,672544.0,305331.0,253103.0,311175.0,485993.0,187946.0,242097.0,565281.0,516500.0,229774.0,213248.0,218371.0,492459.0,395854.0,251264.0,228650.0,347545.0,151690.0,269740.0
2018-11-01,230848.0,265978.0,463320.0,623587.0,323165.0,332713.0,246428.0,200495.0,234312.0,238912.0,407191.0,208575.0,350565.0,248478.0,500272.0,209833.0,569337.0,671977.0,304907.0,254004.0,310474.0,484801.0,188641.0,242186.0,565379.0,518146.0,230088.0,213566.0,218963.0,494455.0,395889.0,252113.0,229165.0,347905.0,152798.0,270601.0
2018-12-01,231516.0,266028.0,465089.0,626002.0,323231.0,331906.0,246931.0,201480.0,233891.0,239461.0,406344.0,209103.0,349663.0,249416.0,502180.0,210617.0,567674.0,670784.0,304312.0,254493.0,309357.0,484314.0,190418.0,242451.0,566624.0,518869.0,229374.0,213440.0,220228.0,495213.0,395233.0,254209.0,229732.0,347903.0,153810.0,271199.0
2019-01-01,232599.0,266544.0,466007.0,627251.0,323313.0,331918.0,247689.0,202661.0,234307.0,240574.0,406020.0,209920.0,350207.0,250621.0,503002.0,211315.0,567803.0,670693.0,305278.0,254959.0,309434.0,484214.0,190957.0,243250.0,568589.0,519619.0,228617.0,213883.0,220681.0,495519.0,394311.0,254728.0,230445.0,348110.0,154361.0,271835.0
2019-02-01,233773.0,267367.0,466434.0,628464.0,323885.0,332211.0,248591.0,203820.0,235270.0,241494.0,406254.0,211038.0,351811.0,252007.0,503025.0,211912.0,569064.0,672365.0,306495.0,255479.0,310066.0,486127.0,193549.0,244164.0,571325.0,520064.0,228452.0,213598.0,222643.0,496081.0,394732.0,257997.0,231769.0,348938.0,154430.0,272519.0
2019-03-01,234883.0,268037.0,468274.0,630581.0,324355.0,332619.0,249216.0,204990.0,236478.0,242382.0,406142.0,212135.0,353478.0,253340.0,504217.0,212661.0,570771.0,674338.0,307875.0,255804.0,311311.0,487670.0,195992.0,245451.0,572597.0,522755.0,228612.0,213018.0,224256.0,496638.0,394406.0,261167.0,232637.0,349288.0,154754.0,273319.0
2019-04-01,235652.0,268233.0,469265.0,631957.0,324694.0,332720.0,249552.0,206064.0,237466.0,242989.0,406216.0,213233.0,353977.0,254366.0,504426.0,213786.0,571684.0,676181.0,308976.0,256124.0,311321.0,489592.0,198137.0,246554.0,574011.0,523738.0,228978.0,212312.0,225868.0,496749.0,393983.0,263747.0,233473.0,349435.0,155115.0,273929.0
2019-05-01,236949.0,268715.0,472040.0,635283.0,325474.0,334235.0,250310.0,207253.0,238969.0,243882.0,407619.0,214419.0,354494.0,255267.0,506186.0,215029.0,574211.0,678902.0,311035.0,256817.0,311630.0,491632.0,199326.0,247742.0,576175.0,527731.0,228911.0,212962.0,227180.0,498006.0,394294.0,265565.0,234340.0,350183.0,156251.0,274656.0
2019-06-01,238519.0,269697.0,473928.0,637820.0,326452.0,336088.0,251499.0,208648.0,241206.0,244895.0,409937.0,215962.0,355325.0,256153.0,507291.0,215668.0,577695.0,682734.0,312886.0,258464.0,312353.0,494920.0,199502.0,248915.0,581068.0,530814.0,228576.0,213781.0,228617.0,499597.0,395709.0,265699.0,236053.0,351612.0,157365.0,275588.0
2019-07-01,239901.0,270579.0,476523.0,640247.0,327552.0,337584.0,252612.0,209384.0,242939.0,245675.0,411822.0,217158.0,356065.0,257186.0,509315.0,215868.0,581231.0,685779.0,314610.0,259860.0,313304.0,496463.0,199986.0,249696.0,584851.0,534315.0,229843.0,214527.0,230008.0,500515.0,396466.0,266396.0,237017.0,353156.0,158267.0,276659.0
2019-08-01,241110.0,271240.0,476895.0,640019.0,328301.0,338502.0,253505.0,210136.0,244057.0,246078.0,413006.0,218401.0,357141.0,258189.0,509930.0,216061.0,583282.0,687969.0,316194.0,260936.0,314374.0,498158.0,200019.0,250550.0,588559.0,534651.0,231614.0,215469.0,230835.0,501181.0,396207.0,266092.0,237512.0,354621.0,158931.0,277592.0
2019-09-01,241869.0,271641.0,477643.0,641113.0,329002.0,339485.0,253823.0,210612.0,244372.0,246209.0,413803.0,219014.0,358526.0,258704.0,511577.0,216830.0,584325.0,689236.0,318700.0,261122.0,315340.0,499625.0,201223.0,252044.0,591655.0,535395.0,234204.0,216209.0,231360.0,502484.0,397819.0,267451.0,237583.0,357021.0,159496.0,278427.0
2019-10-01,242846.0,272373.0,478009.0,642613.0,329806.0,340922.0,254398.0,211797.0,245101.0,246454.0,415199.0,219726.0,360662.0,258979.0,513114.0,217597.0,585874.0,692132.0,321857.0,261095.0,317275.0,503129.0,202550.0,253852.0,595307.0,536586.0,235727.0,218265.0,232282.0,505245.0,400299.0,268831.0,238483.0,359695.0,160632.0,279309.0
2019-11-01,243724.0,273390.0,477318.0,642841.0,331196.0,342742.0,255470.0,212977.0,246230.0,247281.0,417699.0,220590.0,362941.0,259445.0,512515.0,218649.0,587987.0,695892.0,324916.0,261936.0,320037.0,508293.0,203117.0,256211.0,599294.0,536452.0,236965.0,220535.0,232529.0,508046.0,403739.0,269304.0,240149.0,362697.0,161256.0,280372.0
2019-12-01,244419.0,274037.0,476144.0,642384.0,332236.0,344157.0,256512.0,213848.0,247776.0,248029.0,419668.0,221320.0,364695.0,260239.0,511470.0,219638.0,590424.0,698940.0,326128.0,263034.0,322299.0,511849.0,202861.0,257811.0,602211.0,535905.0,238536.0,222977.0,233369.0,510519.0,405109.0,269138.0,242049.0,365002.0,161851.0,281289.0
2020-01-01,245579.0,274969.0,477454.0,644878.0,333909.0,346446.0,258054.0,214849.0,249729.0,249259.0,422237.0,222651.0,367082.0,261485.0,512812.0,220269.0,593634.0,702863.0,327826.0,264396.0,324623.0,515551.0,203392.0,259852.0,606321.0,537950.0,240422.0,225432.0,234402.0,514114.0,406599.0,270173.0,244336.0,367777.0,162086.0,282420.0
2020-02-01,246795.0,276085.0,480696.0,649118.0,335404.0,348884.0,259471.0,216151.0,251991.0,250558.0,424810.0,223817.0,369582.0,262391.0,516323.0,220825.0,598018.0,707218.0,329868.0,265536.0,326625.0,517389.0,203455.0,262303.0,609495.0,541953.0,242832.0,227386.0,235412.0,518197.0,409239.0,270795.0,246211.0,369910.0,163118.0,283604.0
2020-03-01,248653.0,278158.0,484253.0,654230.0,337980.0,352654.0,261895.0,218134.0,254952.0,252673.0,428909.0,225768.0,373101.0,263762.0,520053.0,221460.0,604150.0,714100.0,333214.0,267174.0,329587.0,520855.0,204230.0,265574.0,614937.0,545746.0,245042.0,229877.0,236454.0,523823.0,413219.0,272209.0,248517.0,372590.0,164117.0,285216.0
2020-04-01,250059.0,280124.0,486980.0,657735.0,340026.0,355961.0,263978.0,220060.0,257622.0,254553.0,432353.0,227166.0,376143.0,264937.0,522993.0,222247.0,609527.0,719746.0,336096.0,269120.0,332675.0,523135.0,204026.0,268630.0,618687.0,548623.0,247087.0,232049.0,236834.0,528431.0,417229.0,272439.0,250478.0,374931.0,165050.0,286807.0
2020-05-01,251507.0,282124.0,488596.0,660580.0,342198.0,358643.0,266134.0,221906.0,260175.0,256530.0,434632.0,228782.0,379608.0,267006.0,525004.0,223217.0,613704.0,724981.0,338058.0,270885.0,336264.0,526393.0,204564.0,271545.0,623505.0,549886.0,249446.0,233650.0,237590.0,533261.0,419626.0,273240.0,252869.0,377568.0,165493.0,288677.0
2020-06-01,252671.0,283913.0,491014.0,664187.0,344140.0,360997.0,267875.0,223547.0,262039.0,258352.0,436116.0,230040.0,382995.0,269126.0,527568.0,224834.0,617392.0,729569.0,340157.0,271994.0,339586.0,529147.0,205862.0,274532.0,627262.0,552075.0,252206.0,235152.0,238369.0,538247.0,421400.0,275137.0,254646.0,379417.0,165883.0,290436.0
2020-07-01,253906.0,285863.0,493454.0,668981.0,345982.0,363429.0,269599.0,225470.0,264413.0,260171.0,437853.0,231415.0,386455.0,271321.0,529959.0,226558.0,620868.0,734954.0,342137.0,273324.0,342984.0,533110.0,207658.0,277857.0,632205.0,554373.0,253994.0,236700.0,239278.0,544003.0,424212.0,277406.0,256981.0,381147.0,166483.0,292234.0
2020-08-01,255162.0,287953.0,497781.0,676190.0,347992.0,366379.0,271444.0,227345.0,267231.0,262305.0,440109.0,232757.0,389536.0,273471.0,533852.0,228298.0,625492.0,741074.0,344744.0,274957.0,346291.0,537222.0,209990.0,281249.0,637628.0,559515.0,255471.0,238305.0,240585.0,550279.0,428089.0,280472.0,259501.0,382589.0,167041.0,294138.0
2020-09-01,257001.0,290494.0,502102.0,682782.0,350374.0,369317.0,273813.0,229725.0,271242.0,264870.0,442457.0,234680.0,392587.0,276347.0,537299.0,229638.0,630960.0,748312.0,346699.0,277335.0,349936.0,541572.0,212133.0,284300.0,643548.0,564750.0,256432.0,240213.0,242590.0,556197.0,430102.0,283157.0,262896.0,383140.0,167720.0,296361.0
2020-10-01,259031.0,293072.0,506703.0,688810.0,352922.0,372219.0,276223.0,231768.0,275291.0,267812.0,444604.0,236802.0,395362.0,279709.0,540805.0,231269.0,636838.0,755114.0,348938.0,280122.0,353126.0,544627.0,213976.0,287125.0,649146.0,570103.0,258717.0,241525.0,244317.0,561117.0,430796.0,285525.0,266038.0,383293.0,167794.0,298809.0
2020-11-01,261394.0,295822.0,512290.0,695955.0,355478.0,375011.0,278581.0,233924.0,279386.0,270533.0,446004.0,238992.0,398346.0,283306.0,545852.0,233007.0,642808.0,761894.0,350547.0,282570.0,356012.0,546918.0,216854.0,289395.0,654508.0,576473.0,261733.0,242735.0,246970.0,566165.0,430763.0,289212.0,268952.0,383351.0,168378.0,301461.0
2020-12-01,264071.0,299249.0,518804.0,704631.0,358583.0,378519.0,281249.0,236437.0,283637.0,273683.0,447759.0,241559.0,401768.0,286969.0,551692.0,235231.0,649246.0,769869.0,353490.0,285197.0,359699.0,550457.0,220368.0,292281.0,660564.0,583941.0,265054.0,244148.0,249040.0,572388.0,432595.0,293302.0,271794.0,383955.0,169000.0,304539.0
2021-01-01,266303.0,302286.0,523996.0,712062.0,361278.0,380973.0,283531.0,238750.0,287225.0,276198.0,448556.0,243559.0,403742.0,290413.0,556378.0,237920.0,654236.0,776791.0,354771.0,287676.0,362621.0,553631.0,224310.0,294082.0,665277.0,589916.0,268249.0,245335.0,251584.0,578131.0,434170.0,297611.0,274440.0,384099.0,170072.0,307585.0
2021-02-01,268556.0,305349.0,528333.0,718750.0,364051.0,383138.0,285977.0,240945.0,290689.0,278854.0,449048.0,245680.0,405551.0,294418.0,560058.0,240840.0,658273.0,783514.0,355901.0,290459.0,365756.0,557506.0,228288.0,295719.0,670557.0,595034.0,270975.0,247452.0,253784.0,583681.0,434603.0,301660.0,277465.0,384405.0,170721.0,310812.0
